id,Customer_first_name,Customer_last_name,Address,City,State,CC_Number,CC_Code,CC_Type
1,Guido,Cambden,43 Sunbrook Avenue,Sparks,Nevada,,,
2,Evangelina,Carletti,84 Brickson Park Lane,Las Vegas,Nevada,3570081902144991,720,jcb
3,Luigi,Gerding,37 Hanson Court,Cincinnati,Ohio,,,
4,Garrott,Alforde,6062 Columbus Point,Wichita,Kansas,,,
5,Filip,Vernay,43296 Pleasure Trail,Charlotte,North Carolina,5100177814531608,978,mastercard
6,Fabian,Skechley,791 Moland Alley,Gilbert,Arizona,67090173655178759,790,laser
7,Sharl,Beharrell,79 Dryden Parkway,New York City,New York,3568163186748178,441,jcb
8,Andres,Junes,1 Alpine Pass,Washington,District of Columbia,6761513394000945,296,maestro
9,Gris,Dougill,82680 Wayridge Way,Topeka,Kansas,,,
10,Magdaia,Tomaszek,695 Melby Court,Brea,California,6387992397126424,679,instapayment
11,Ali,Stonner,35 Ohio Center,Topeka,Kansas,,,
12,Layne,Verduin,879 International Park,Atlanta,Georgia,3586327423275901,201,jcb
13,Cathe,Castiello,6 Di Loreto Junction,San Jose,California,372301633627700,789,americanexpress
14,Barrie,Drakes,958 Amoth Avenue,Brooklyn,New York,,,
15,Fey,Boddymead,71 Buhler Plaza,Springfield,Illinois,,,
16,Eleonora,Sooley,06 Pond Park,Houston,Texas,3555640721508055,800,jcb
17,Karney,Dorant,059 Crownhardt Street,Spokane,Washington,4041370488728,510,visa
18,Temple,Edden,33 Ludington Court,Albuquerque,New Mexico,5240996246568560,265,mastercard
19,Bevvy,Wyper,22269 Dexter Parkway,Jackson,Mississippi,372301687198137,940,americanexpress
20,Myrtice,Gobbet,00 American Ash Point,Erie,Pennsylvania,6304091485291818,724,laser
21,Romona,Fibbens,3 Hanover Circle,Omaha,Nebraska,3541646233996057,563,jcb
22,Brena,Paviour,31 High Crossing Park,Madison,Wisconsin,201812613715767,825,diners-club-enroute
23,Julia,McClinton,0 Walton Junction,North Little Rock,Arkansas,3533511948449679,902,jcb
24,Aviva,Stocken,6 Blaine Court,Houston,Texas,3540105008094292,225,jcb
25,Dev,Harmson,05229 New Castle Pass,Austin,Texas,3552966373767274,876,jcb
26,Janith,Buzza,08544 East Place,Glendale,Arizona,6304350920535951482,627,maestro
27,Mitzi,Greenroa,9 Westend Court,Birmingham,Alabama,201710402889589,948,diners-club-enroute
28,Tallou,Whitley,89 Monica Way,El Paso,Texas,6304860641833121,678,laser
29,Nehemiah,Buffin,1 Morningstar Lane,Jacksonville,Florida,,,
30,Giffy,Eefting,438 Annamark Plaza,El Paso,Texas,,,
31,Dahlia,Dearnaley,4921 Kropf Parkway,Olympia,Washington,5602255024016751,306,bankcard
32,Haze,Trevillion,28 Melrose Trail,Albuquerque,New Mexico,4405668755724413,584,visa-electron
33,Daryn,Bladesmith,06 Shopko Trail,San Francisco,California,,,
34,Merilee,Van Dijk,83975 Green Ridge Avenue,Rochester,New York,6397944621883948,267,instapayment
35,Shelli,Mingotti,77 Meadow Vale Crossing,Buffalo,New York,201858407339736,951,diners-club-enroute
36,Allsun,Champe,1 Declaration Way,Dallas,Texas,5100179234335222,491,mastercard
37,Maggy,Chevin,8 Calypso Court,New Orleans,Louisiana,3564293427731008,989,jcb
38,Christin,Swadlen,5866 Dawn Drive,Boise,Idaho,3560874420339453,436,jcb
39,Greggory,Ingarfield,637 Grasskamp Alley,Hartford,Connecticut,,,
40,June,Tremolieres,50777 Morningstar Crossing,Kansas City,Missouri,67069846649350041,484,laser
41,Page,Wabey,55 Schiller Drive,Greensboro,North Carolina,,,
42,Pietrek,Sails,7007 Wayridge Hill,New York City,New York,5190853120846184,107,mastercard
43,Tania,Chancelier,2 Mallard Drive,Gilbert,Arizona,3585271491117374,870,jcb
44,Bevvy,Maypowder,9896 Alpine Avenue,Dayton,Ohio,6304172344594849980,127,laser
45,Franny,Mackiewicz,31 Calypso Avenue,South Bend,Indiana,374288861198108,989,americanexpress
46,Griffie,Goodsall,52 Thackeray Junction,Nashville,Tennessee,,,
47,Shaun,Hirsthouse,41 Briar Crest Way,Cincinnati,Ohio,3576125028011719,217,jcb
48,Chlo,Kenneford,99 Claremont Terrace,Palatine,Illinois,3540428615124363,407,jcb
49,Rock,Lightbody,5 Armistice Trail,Kalamazoo,Michigan,5431433041926388,608,mastercard
50,Siward,Browne,2 Paget Alley,Miami,Florida,3556275908420516,702,jcb
51,Bunnie,Hails,366 Upham Trail,Kansas City,Missouri,5048370389369844,317,mastercard
52,Helen,Keveren,0 Bobwhite Crossing,Fort Worth,Texas,3554215824118606,457,jcb
53,Woodrow,Duffin,58 Southridge Alley,Houston,Texas,,,
54,Dasie,Pendell,35878 Magdeline Trail,New York City,New York,374622177899597,815,americanexpress
55,Guillemette,Kern,8993 Old Shore Alley,Saint Paul,Minnesota,,,
56,Elka,Fassum,408 Nobel Terrace,Tulsa,Oklahoma,5108751074608801,499,mastercard
57,Frederique,Beining,5 Lawn Center,Lincoln,Nebraska,4041598338200,258,visa
58,Wini,Buddleigh,824 Darwin Hill,New York City,New York,,,
59,Jenica,Goulbourne,35050 8th Center,Kansas City,Kansas,5108750293988093,518,mastercard
60,Wildon,Ikins,7182 Sutherland Court,Roanoke,Virginia,3533034872779169,645,jcb
61,Derby,Janusz,67 Miller Point,Las Vegas,Nevada,,,
62,Chanda,Batt,1 Spenser Road,Montgomery,Alabama,4936370979712647609,662,switch
63,Ethelyn,Stollen,75 Thackeray Hill,Indianapolis,Indiana,201953921300411,909,diners-club-enroute
64,Pandora,Raysdale,293 Banding Junction,Galveston,Texas,5602232728986720,164,bankcard
65,Juliana,Cowx,7661 Sauthoff Court,Portsmouth,New Hampshire,5602252374556262,655,china-unionpay
66,Corbin,Goodsir,76506 Montana Place,Atlanta,Georgia,,,
67,Jenica,Hartburn,44 Karstens Park,Pittsburgh,Pennsylvania,,,
68,Orbadiah,Gedge,71256 Novick Hill,Scranton,Pennsylvania,4041591191600973,202,visa
69,Dorelle,Cavilla,694 Fulton Road,Madison,Wisconsin,670966228643992687,239,laser
70,Johnathon,Drayson,86 Nova Court,Atlanta,Georgia,,,
71,Marlon,Covendon,513 Lillian Parkway,Des Moines,Iowa,4439409012665515,384,visa
72,Rafferty,Wilden,7082 Tennessee Trail,Saint Louis,Missouri,6709416828274919,204,laser
73,Donny,Girauld,69 Briar Crest Center,Davenport,Iowa,3542448603842386,148,jcb
74,Dillon,Millwater,96947 Sheridan Hill,Burbank,California,,,
75,Helga,Commin,45 Prairieview Pass,Tuscaloosa,Alabama,4175003686776795,328,visa-electron
76,Gage,Martinson,92390 Westridge Avenue,Sacramento,California,3583261580886163,178,jcb
77,Lewie,Baudoux,715 3rd Crossing,Baton Rouge,Louisiana,,,
78,Karlens,Moar,231 Sauthoff Center,Madison,Wisconsin,3569951061756632,204,jcb
79,Florie,Mcwhinnie,6179 Morningstar Center,San Francisco,California,4573477678504,163,visa
80,Harald,Wimsett,86639 Red Cloud Plaza,Kansas City,Missouri,3571780784589426,459,jcb
81,Jemimah,Roscoe,6 Morning Court,Indianapolis,Indiana,,,
82,Griffy,Bollands,43 Darwin Alley,Portland,Oregon,36824076602532,505,diners-club-international
83,Kile,Di Carli,40311 Mitchell Alley,El Paso,Texas,,,
84,Almire,Tregido,473 Red Cloud Parkway,San Francisco,California,3560535211314654,704,jcb
85,Antonella,Hane,12 Thackeray Crossing,Tulsa,Oklahoma,3555392907892354,946,jcb
86,Kerianne,Lambrecht,578 Stoughton Way,Anchorage,Alaska,633445174961464108,952,solo
87,Lind,Walls,0 Prairie Rose Circle,Miami Beach,Florida,30055536390402,427,diners-club-carte-blanche
88,Joel,Dempsey,58 East Avenue,Oakland,California,3559257793237475,123,jcb
89,Ramona,Orrocks,6871 Mandrake Center,Los Angeles,California,3554127220331743,718,jcb
90,Molli,Crinage,9 Farwell Point,Huntington,West Virginia,3558620141393590,984,jcb
91,Tomi,Dudill,23 Coolidge Park,Clearwater,Florida,30243565063955,201,diners-club-carte-blanche
92,Aloysia,Biggerstaff,322 Carey Hill,London,Kentucky,3588379336363504,865,jcb
93,Nester,MacGeaney,8 Eastwood Point,Dallas,Texas,5602236187891263,222,bankcard
94,Delila,Marzelo,6 Hallows Park,Reading,Pennsylvania,,,
95,Madalena,Ginglell,251 New Castle Alley,Albany,New York,5334916955747061,542,mastercard
96,Jaquelyn,Windress,020 Buell Avenue,Hollywood,Florida,337941575388920,810,americanexpress
97,Herminia,Easterling,333 Pine View Point,Nashville,Tennessee,3565799530389517,643,jcb
98,Waverly,Quinnelly,259 Clemons Pass,Sacramento,California,676287254619394962,860,maestro
99,Mommy,Mozzini,5 Shasta Street,Fort Lauderdale,Florida,63044840348137931,974,maestro
100,Sallyann,O'Doran,9 Gale Avenue,New York City,New York,3563267052294392,840,jcb
101,Valentijn,Darleston,39646 Donald Crossing,Cleveland,Ohio,3577538209174263,618,jcb
102,Mischa,Bulgen,50666 Red Cloud Lane,Washington,District of Columbia,,,
103,Krysta,Shemmin,95929 Pine View Plaza,Denver,Colorado,4905693696428071180,720,switch
104,Ayn,Norrey,2567 Ilene Road,Charleston,South Carolina,6392251377199981,440,instapayment
105,Frazer,Rochford,0 Bayside Point,Orlando,Florida,30363527947390,408,diners-club-carte-blanche
106,Solly,Panther,423 Goodland Point,Fort Wayne,Indiana,6389855624687690,551,instapayment
107,Suzy,Penke,83 Northland Terrace,Elizabeth,New Jersey,4405611809667386,154,visa-electron
108,Bibbye,Franck,0 Charing Cross Way,Topeka,Kansas,5602258695710082,451,bankcard
109,Mirabella,Abbott,7 Lien Plaza,Newport News,Virginia,4017954910113,120,visa
110,Regan,Workes,79433 Eastlawn Way,Honolulu,Hawaii,,,
111,Rowen,Risom,65619 Nancy Hill,Colorado Springs,Colorado,,,
112,Teressa,Gilpin,64 Kensington Circle,Brooklyn,New York,,,
113,Lawrence,Sibbs,6 Hoepker Street,Milwaukee,Wisconsin,5529765930064059,735,mastercard
114,Bonita,Whoolehan,044 Crest Line Avenue,Erie,Pennsylvania,,,
115,Tony,Johansson,5436 Sachs Pass,Brooklyn,New York,374288578642968,616,americanexpress
116,Mata,Dickman,58 Mcbride Junction,Miami,Florida,,,
117,Gus,Buttrick,36951 Coolidge Place,Virginia Beach,Virginia,5020326386095388,780,maestro
118,Essie,Affuso,4273 Harper Court,Dallas,Texas,3576519161961393,792,jcb
119,Maitilde,Roelofsen,67763 Swallow Junction,Stockton,California,5587922133515978,102,diners-club-us-ca
120,Nadine,Aspy,07 Crescent Oaks Plaza,Philadelphia,Pennsylvania,201672174844343,886,diners-club-enroute
121,Fifi,Studd,004 Forest Dale Way,Atlanta,Georgia,3575572450888380,678,jcb
122,Dannie,Lago,09044 Eagle Crest Road,Ogden,Utah,,,
123,Ailbert,Keppel,79368 Westridge Junction,Scranton,Pennsylvania,6767681782492361032,239,solo
124,Kaylee,Pessel,7623 Heath Terrace,Fort Worth,Texas,,,
125,Leroy,Lowis,279 Golf Course Avenue,Akron,Ohio,4041376238705,697,visa
126,Steve,Ballintyne,207 Marcy Alley,Canton,Ohio,4041379948444543,293,visa
127,Margi,Atyea,6 Merry Hill,Hyattsville,Maryland,6763829142095344,823,maestro
128,Karlotta,Pardey,887 Red Cloud Place,Pasadena,California,4840126399112621,672,visa
129,Vikky,Seyers,96 Basil Alley,Albuquerque,New Mexico,6304793694221771,871,laser
130,Swen,Skates,99820 Cordelia Pass,Carol Stream,Illinois,,,
131,Judas,Greggersen,9568 Wayridge Street,Montgomery,Alabama,6767765774949006327,368,solo
132,Delora,Shilvock,7 Walton Circle,Wilmington,North Carolina,,,
133,Davita,Pairpoint,0 Mifflin Junction,Memphis,Tennessee,6759412077814769,270,switch
134,Arley,Verheyden,3 Lyons Place,Athens,Georgia,3576782232568932,656,jcb
135,Verla,Yakovlev,6719 Hollow Ridge Plaza,Saginaw,Michigan,3528834715209671,710,jcb
136,Karyl,Currell,8 Anthes Avenue,New York City,New York,670652331834773558,350,laser
137,Gwenore,Campey,53354 Debra Crossing,Tempe,Arizona,30397703191696,424,diners-club-carte-blanche
138,Elle,Daspar,4962 Carey Road,Washington,District of Columbia,3536532075010057,613,jcb
139,Stormi,Merrill,22 Farragut Circle,Staten Island,New York,3578993433985084,245,jcb
140,Christine,Cordelet,8 Dunning Parkway,Newark,Delaware,560221996039984120,174,china-unionpay
141,Aurie,Assante,9 Di Loreto Lane,Fort Worth,Texas,3543037959404906,295,jcb
142,Maegan,Gagg,512 Forest Parkway,Houston,Texas,,,
143,Mariele,Cartwight,42 Lakewood Gardens Drive,Santa Barbara,California,,,
144,Ryun,Farquhar,18774 Clyde Gallagher Plaza,Saint Joseph,Missouri,,,
145,Vladamir,Mowday,29259 Amoth Pass,New York City,New York,372301650020268,705,americanexpress
146,Kissie,Orteu,7 Anhalt Terrace,Atlanta,Georgia,5602242573039954,133,bankcard
147,Kai,Adriano,79 Corben Court,Reno,Nevada,,,
148,Paton,Pideon,952 Graceland Street,Topeka,Kansas,,,
149,Alvis,Curds,571 Lawn Road,Oklahoma City,Oklahoma,3580251791068142,675,jcb
150,Pierson,Mallinder,5 Bay Parkway,Shawnee Mission,Kansas,,,
151,Lauralee,Tukely,31 2nd Street,Saint Paul,Minnesota,,,
152,Jory,Gutherson,114 Main Street,Portsmouth,New Hampshire,,,
153,Matthus,Safont,80 Blue Bill Park Terrace,Miami,Florida,3586021018978454,502,jcb
154,Robby,Kalewe,942 Bunting Point,Staten Island,New York,3554393591943645,733,jcb
155,Adrienne,Harley,96 Duke Alley,El Paso,Texas,5602227123943989827,215,china-unionpay
156,Noella,Sowerby,23 Transport Avenue,Kansas City,Missouri,30273913015035,354,diners-club-carte-blanche
157,Kiley,Crolla,987 Mockingbird Alley,Washington,District of Columbia,3552513620474203,117,jcb
158,Pammie,Bisgrove,43 Duke Park,Reno,Nevada,3577414464847573,114,jcb
159,Adina,Huffy,9851 Laurel Point,San Diego,California,564182283253322934,967,switch
160,Alfreda,McManamon,5 Londonderry Court,Charlotte,North Carolina,3588842954739800,660,jcb
161,Hollis,Washbrook,27316 Veith Trail,San Jose,California,,,
162,Filide,Gate,37730 Daystar Circle,Gilbert,Arizona,,,
163,Rolf,Cuttings,20616 Bay Crossing,Pittsburgh,Pennsylvania,,,
164,Sharl,Askey,8393 Pond Circle,Stockton,California,,,
165,Myrvyn,Le Friec,5484 New Castle Drive,Evansville,Indiana,5602228477786972,166,bankcard
166,Selinda,Gisborne,30592 Sauthoff Parkway,Worcester,Massachusetts,3576508444667638,881,jcb
167,Bessie,Kaas,3458 Leroy Park,Arlington,Texas,,,
168,Martin,Brewitt,01218 Mandrake Road,Stockton,California,4026545881229542,265,visa-electron
169,Gannie,Yule,75 Acker Parkway,Washington,District of Columbia,67626348584498279,808,maestro
170,Cassandre,Bush,238 Lukken Parkway,Shreveport,Louisiana,,,
171,Sheeree,Guiduzzi,1 Oriole Pass,Lubbock,Texas,5020482476456355561,614,maestro
172,Therese,Eames,279 Loeprich Hill,Brooklyn,New York,,,
173,Imelda,Jellico,96434 Kings Way,Joliet,Illinois,3568855480021380,393,jcb
174,Ellynn,Snyder,6269 Northport Alley,West Hartford,Connecticut,5610036600319201,943,bankcard
175,Miranda,Porritt,6 Bonner Crossing,Knoxville,Tennessee,4508519263427682,193,visa-electron
176,Timothee,Lynch,90016 Northport Pass,Rochester,New York,,,
177,Brett,Whitefoot,62 Melody Plaza,Tuscaloosa,Alabama,4844418929965800,773,visa-electron
178,Robinetta,Bernasek,2464 Service Street,New Haven,Connecticut,50209309430404482,777,maestro
179,Lauritz,Cofax,229 Columbus Avenue,Seattle,Washington,30245870878936,401,diners-club-carte-blanche
180,Cristine,Segebrecht,7 Lyons Pass,Atlanta,Georgia,,,
181,Berri,Plackstone,344 Tennyson Point,Pasadena,California,3541037440795286,371,jcb
182,Mirna,Meates,352 Lillian Junction,Des Moines,Iowa,4913025990523248,413,visa-electron
183,Gabriel,Stoffler,795 Forest Trail,Cleveland,Ohio,5602235348404123,870,bankcard
184,Kelsey,Trewett,3458 Westerfield Terrace,Honolulu,Hawaii,,,
185,Raimondo,Bradie,51884 Acker Avenue,Charleston,South Carolina,,,
186,Fleur,Martyns,44930 Continental Terrace,Syracuse,New York,3568646404152157,802,jcb
187,Babara,Gaskamp,05 Bayside Junction,San Francisco,California,5018273789207672440,802,maestro
188,Haywood,Edmans,9998 5th Road,Atlanta,Georgia,3584738556371535,515,jcb
189,Nadya,Rosone,30377 Grayhawk Point,West Palm Beach,Florida,4913018673776456,472,visa-electron
190,Arie,Rasell,46509 Fremont Lane,Pasadena,Texas,3579013221051251,965,jcb
191,Sanders,Physic,473 Charing Cross Lane,San Diego,California,5002358067419753,505,mastercard
192,Felicdad,Creeber,3915 Mcguire Road,Reading,Pennsylvania,6371721130025942,385,instapayment
193,Clevey,Riccardi,5 Orin Street,Wilmington,North Carolina,5602239297536455,538,bankcard
194,Hasheem,Beakes,4070 Atwood Hill,Shreveport,Louisiana,,,
195,Thatcher,Grieger,4 Killdeer Avenue,Houston,Texas,6331109753467914070,489,switch
196,Bucky,Poff,68505 Crownhardt Parkway,Greensboro,North Carolina,3583674163053219,978,jcb
197,Phaedra,Dufoure,658 Kropf Place,Providence,Rhode Island,3543624518446336,503,jcb
198,Bobette,Giorgio,662 Northland Center,Columbus,Ohio,,,
199,Gaile,Twinbrow,70 Stone Corner Road,Raleigh,North Carolina,201966707036033,477,diners-club-enroute
200,Jobyna,Faers,71 7th Lane,Washington,District of Columbia,3580435007222755,112,jcb
201,Milton,Putt,3342 Calypso Drive,Huntington,West Virginia,,,
202,Nickolas,Sandry,0065 Springview Trail,Las Vegas,Nevada,56022218341772691,574,china-unionpay
203,Edmon,Warboy,7 Hovde Terrace,Albany,New York,,,
204,Shae,Oki,7665 Jackson Center,Baltimore,Maryland,,,
205,Pincas,Withinshaw,605 Stang Park,El Paso,Texas,3541981924196836,233,jcb
206,Corbet,Brodway,774 Oakridge Terrace,San Antonio,Texas,6761122643435835,256,maestro
207,Dyane,Brookton,02 7th Alley,Saint Paul,Minnesota,3555965116783355,526,jcb
208,Mattie,Perree,44 Sage Crossing,Charlotte,North Carolina,,,
209,Umeko,Priestland,7 Oxford Road,San Diego,California,5602234040811008,545,bankcard
210,Amalea,Yashaev,8839 6th Crossing,Seattle,Washington,,,
211,Gabrielle,Padefield,025 Clemons Pass,Milwaukee,Wisconsin,5602258189787966538,406,china-unionpay
212,Caddric,Hastewell,66397 American Ash Circle,Bronx,New York,3536929836061017,806,jcb
213,Germayne,Mourton,874 South Trail,Hartford,Connecticut,,,
214,Lyn,Marchiso,7 Onsgard Junction,New York City,New York,3554558955518288,907,jcb
215,Simonne,Gwinn,49 Hoard Terrace,Salt Lake City,Utah,4175008295879013,466,visa-electron
216,Carma,Pinck,094 Crescent Oaks Circle,Grand Junction,Colorado,67717584333894901,876,laser
217,Bride,Padbury,5 Lerdahl Center,Chicago,Illinois,6334745862931013015,349,solo
218,Alonso,Abbys,0 Corry Hill,Green Bay,Wisconsin,30325801204582,125,diners-club-carte-blanche
219,Cully,Kyffin,3516 Westport Center,New York City,New York,,,
220,Darill,Iacovucci,9 Towne Center,Grand Rapids,Michigan,,,
221,Kaela,Rimbault,131 Harper Hill,Miami,Florida,3541791699370783,606,jcb
222,Marcello,Grigori,69 Fisk Road,Seattle,Washington,560224804120292675,364,china-unionpay
223,Merrie,Tasker,125 Marcy Point,Washington,District of Columbia,,,
224,Bartholomew,Ennor,04439 Bonner Avenue,Pittsburgh,Pennsylvania,4433210219301078,115,visa
225,Nelli,Baudassi,6263 Village Pass,Houston,Texas,3542936632290031,535,jcb
226,Sayre,McRuvie,73 Sloan Point,Birmingham,Alabama,,,
227,Dorrie,Troillet,720 Corben Drive,Columbia,South Carolina,503894741925119746,141,maestro
228,Jojo,Threadkell,567 Evergreen Drive,Saint Louis,Missouri,,,
229,Nat,Hatch,30838 Corscot Terrace,Buffalo,New York,6304062496567085910,548,maestro
230,Beth,Matelyunas,40873 Westend Point,Memphis,Tennessee,3572711360911055,274,jcb
231,Valina,Pessel,143 Victoria Parkway,Minneapolis,Minnesota,3549335480007758,328,jcb
232,Felicio,O'Giany,28114 Pepper Wood Terrace,Augusta,Georgia,,,
233,Lizzie,Smout,9745 Nevada Court,Las Vegas,Nevada,3585823386144077,522,jcb
234,Clemence,Fitt,43989 Derek Place,Philadelphia,Pennsylvania,5100171617874729,467,mastercard
235,Huntley,Gulley,124 Brentwood Park,Fairbanks,Alaska,3532707901095167,491,jcb
236,Kacy,Shivlin,3747 Grover Crossing,Phoenix,Arizona,3584836124651378,522,jcb
237,Sammy,Keaton,95401 Arizona Road,Philadelphia,Pennsylvania,,,
238,Curr,Greber,300 Holmberg Terrace,Seattle,Washington,3557553438626540,360,jcb
239,Dill,Spinke,2 American Road,Vienna,Virginia,56022161831385790,448,china-unionpay
240,Anny,Boleyn,72503 Shelley Court,Rochester,New York,491199126175141865,157,switch
241,Barnebas,Cloughton,94257 Reindahl Junction,San Francisco,California,,,
242,Piotr,Giffen,73 Nevada Junction,Fort Wayne,Indiana,4041376751504405,743,visa
243,Hollyanne,Luetkemeyer,19412 Mccormick Plaza,Glendale,Arizona,,,
244,Phil,Carbin,8 Thierer Place,Pasadena,California,5602246854420627,923,bankcard
245,Cristal,Sheere,9 Gale Parkway,Cleveland,Ohio,56022196940086913,156,china-unionpay
246,Ealasaid,Ablott,246 Canary Terrace,Norwalk,Connecticut,3553853562032588,691,jcb
247,Timotheus,Lange,51 East Parkway,Winston Salem,North Carolina,,,
248,Mellisent,Swarbrick,19184 South Street,Denver,Colorado,3532499022095637,982,jcb
249,Ferd,George,680 Village Green Trail,Alexandria,Virginia,4405128044997700,625,visa-electron
250,Wells,Minette,241 Porter Lane,Chicago,Illinois,201975103917159,506,diners-club-enroute
251,Paulina,Huonic,03 Old Gate Point,Fargo,North Dakota,374622218070216,852,americanexpress
252,Luke,Dell Casa,08331 Texas Avenue,Washington,District of Columbia,,,
253,Roselia,Fendt,5035 Brentwood Drive,Washington,District of Columbia,3554553374028712,261,jcb
254,Jason,Reggiani,624 Farmco Parkway,Jackson,Mississippi,,,
255,Muffin,Kewish,0512 Macpherson Way,Oklahoma City,Oklahoma,373367525031672,625,americanexpress
256,Marilin,Miguet,8448 Everett Pass,Davenport,Iowa,5602253915728568,853,bankcard
257,Bella,Filippi,6422 Declaration Pass,Salt Lake City,Utah,3570248756541784,253,jcb
258,Gabrielle,Broxis,31 Raven Avenue,Kalamazoo,Michigan,3535955972561511,215,jcb
259,Jackquelin,Cromb,02493 Nobel Parkway,Bowie,Maryland,,,
260,Amy,Crinidge,58 Summer Ridge Hill,Baltimore,Maryland,3584190599407134,893,jcb
261,Doy,Cleverly,3 Bayside Drive,Fort Wayne,Indiana,3560369150197676,457,jcb
262,Arlee,Cotilard,594 Maple Wood Street,Richmond,Virginia,3529770886604044,418,jcb
263,Thorstein,McRill,63 Bonner Alley,Kingsport,Tennessee,6767451396687050,286,solo
264,Ollie,Duddy,70901 Drewry Way,Memphis,Tennessee,,,
265,Adrianna,O' Flaherty,8753 Crowley Pass,Jersey City,New Jersey,560225971262252210,816,china-unionpay
266,Orly,Checci,134 Steensland Hill,Hartford,Connecticut,,,
267,Lilia,Von Brook,82861 Gateway Avenue,Raleigh,North Carolina,3572350008234370,798,jcb
268,Alasdair,McMorran,494 Monument Street,Reston,Virginia,3538285541193563,579,jcb
269,Gennie,Varne,7 Nobel Park,Stamford,Connecticut,6331102371046240748,243,switch
270,Vikky,Heppenspall,981 Reindahl Park,Fort Wayne,Indiana,3575283979310985,131,jcb
271,Avigdor,Orrah,8 Ridgeway Circle,New Haven,Connecticut,63042147862105142,827,laser
272,York,Meecher,1583 Knutson Court,Shreveport,Louisiana,,,
273,Cheri,Parnell,0 Jay Street,Roanoke,Virginia,5311881283683072,870,mastercard
274,Cecily,Greeveson,36 Linden Point,Mesa,Arizona,676195744727047099,221,maestro
275,Remy,Crichmer,59669 Pepper Wood Court,New York City,New York,,,
276,Daphna,Gurwood,81864 Logan Court,Peoria,Illinois,6376690401639191,451,instapayment
277,Dusty,Kneafsey,492 Manufacturers Hill,Minneapolis,Minnesota,3588052507899693,596,jcb
278,Anatol,Cullabine,6 Birchwood Place,Houston,Texas,,,
279,Kaila,Stannas,290 Luster Plaza,Fort Lauderdale,Florida,5100177191780810,535,mastercard
280,Brien,Sisselot,3218 Meadow Valley Point,Cambridge,Massachusetts,,,
281,Llywellyn,Minster,3 Westerfield Point,Young America,Minnesota,,,
282,Robby,Jackways,26 Coleman Park,Grand Rapids,Michigan,5602245260677945,386,bankcard
283,Francoise,Sherrocks,18889 Haas Parkway,New York City,New York,3542069772485177,913,jcb
284,Tallie,Whitney,3 Pennsylvania Alley,Naples,Florida,,,
285,Devora,Uglow,0 Russell Plaza,Gadsden,Alabama,,,
286,Peta,Roelofsen,26 Village Green Pass,Birmingham,Alabama,3539212350564584,233,jcb
287,Zebadiah,Durrad,5904 Boyd Road,Birmingham,Alabama,5010125952315952,180,mastercard
288,Alvira,Angrove,862 Browning Parkway,Odessa,Texas,3587518244621013,776,jcb
289,Marni,Huntley,9 Barnett Pass,Syracuse,New York,3534525948670174,604,jcb
290,Tisha,Giacomozzo,968 Sherman Junction,Boise,Idaho,3588339316939251,473,jcb
291,Reyna,Sides,41349 Columbus Avenue,Buffalo,New York,3545198174769958,685,jcb
292,Gallard,Crowdson,4 Golf Course Crossing,Salt Lake City,Utah,,,
293,Rozalie,Lewinton,82 Manufacturers Parkway,Gainesville,Georgia,3540525544572776,663,jcb
294,Gal,Laurencot,69 Basil Court,Boise,Idaho,,,
295,Lemmy,Paler,52412 Sullivan Drive,Spartanburg,South Carolina,,,
296,Russ,Capes,3 Messerschmidt Parkway,Lexington,Kentucky,,,
297,Sheridan,Oughtright,28 Columbus Circle,Torrance,California,3569699197930155,217,jcb
298,Liane,Riccardini,97847 Blackbird Place,Metairie,Louisiana,,,
299,Cristobal,Fairholme,8650 Grim Way,Charleston,South Carolina,30593845209582,233,diners-club-carte-blanche
300,Kimbell,Stickels,446 Green Parkway,Long Beach,California,560221881936054401,228,china-unionpay
301,Britni,Kynman,6855 Northview Drive,Santa Barbara,California,6385141446566402,312,instapayment
302,Aline,Jozefiak,4354 Donald Circle,Huntington,West Virginia,,,
303,Wilhelmina,Endon,02 Glacier Hill Crossing,Bronx,New York,,,
304,Gena,Willars,0 Brickson Park Trail,Portland,Oregon,4041377334409104,112,visa
305,Ethan,Eeles,0 Corscot Lane,El Paso,Texas,3548616676042472,461,jcb
306,Anatole,Goede,2 Linden Junction,Sioux City,Iowa,56022459193285974,841,china-unionpay
307,Thornie,Pattinson,72340 Paget Alley,New York City,New York,3561029646893804,252,jcb
308,Ulberto,Mioni,26523 Bowman Crossing,Albuquerque,New Mexico,5002353462658394,530,mastercard
309,Link,Inworth,8 Northwestern Road,Sarasota,Florida,3539626694631017,266,jcb
310,Walden,Leeman,1 Debs Way,Charlotte,North Carolina,,,
311,Franny,Roddie,37962 Redwing Junction,Albuquerque,New Mexico,3576858142148823,277,jcb
312,Vernice,Geerdts,33496 Boyd Avenue,Dayton,Ohio,4917161791652799,105,visa-electron
313,Renado,Longthorn,3 Village Green Parkway,Tallahassee,Florida,,,
314,Delmar,Kareman,8 Bayside Court,Richmond,Virginia,3560349224131174,283,jcb
315,Christan,Parram,38923 Mandrake Center,Englewood,Colorado,,,
316,Christine,Tembey,0 Eastlawn Point,Sacramento,California,,,
317,Courtnay,Planque,12 Spaight Point,Lawrenceville,Georgia,,,
318,Adam,Huge,6305 Packers Alley,Tallahassee,Florida,3547408558645759,717,jcb
319,Joshuah,Petrolli,7 Graceland Way,Los Angeles,California,,,
320,Danni,Ambrosoli,035 Colorado Place,Aurora,Colorado,6763770890449480838,909,maestro
321,Weylin,Morl,93622 Elmside Street,Hagerstown,Maryland,,,
322,Kiele,Semeniuk,310 Dakota Hill,Dayton,Ohio,,,
323,Orsa,Wrought,8 Charing Cross Lane,Bethlehem,Pennsylvania,3586135335310918,709,jcb
324,Stephani,Kettley,1 Ramsey Circle,Raleigh,North Carolina,,,
325,Cordie,Estrella,91499 Kings Street,San Francisco,California,501841208604873702,526,maestro
326,Kathe,Purdy,519 Truax Pass,San Antonio,Texas,,,
327,Karlan,Pentony,1240 Messerschmidt Road,Miami,Florida,3584415239839168,141,jcb
328,Pia,Dumper,52 Burning Wood Lane,Saint Petersburg,Florida,,,
329,Prudy,Hodgin,6 West Center,Pasadena,Texas,4419882659731,613,visa
330,Cletus,Sambiedge,45 Packers Alley,Chattanooga,Tennessee,3577308010596421,368,jcb
331,Silvan,Figliovanni,2438 Mandrake Junction,Green Bay,Wisconsin,3570702568318971,697,jcb
332,Kile,Jaimez,1 Grayhawk Junction,Chico,California,201638409794363,751,diners-club-enroute
333,Vitoria,Abbiss,36297 Armistice Court,Boston,Massachusetts,3542134307131603,634,jcb
334,Rania,Hovard,666 Thompson Court,Richmond,Virginia,30405215110110,379,diners-club-carte-blanche
335,Duke,Gutteridge,71 Arrowood Parkway,Austin,Texas,5429676107106089,723,diners-club-us-ca
336,Gav,Duffit,7 Lien Circle,San Diego,California,4917469552149545,200,visa-electron
337,Way,Escreet,81129 Springs Center,Salt Lake City,Utah,,,
338,Katerine,Hutchins,51 Westerfield Terrace,Salinas,California,56022452499861366,144,china-unionpay
339,Bradley,MacCrossan,3 Oxford Way,Miami,Florida,67629088212318534,188,maestro
340,Dillon,Larrie,76 Ruskin Point,Bronx,New York,3546877649735905,667,jcb
341,Deane,Corradetti,6 Tony Center,Columbus,Georgia,3540043622361344,481,jcb
342,Sampson,Giorgi,6451 Ridgeview Court,Springfield,Massachusetts,30291733138381,214,diners-club-carte-blanche
343,Evelin,Margrett,9 Johnson Center,Corpus Christi,Texas,,,
344,Juline,Benadette,4337 East Parkway,Charleston,West Virginia,,,
345,Alva,Pagan,4 Logan Park,Los Angeles,California,4508555594894414,157,visa-electron
346,Franni,Rival,46282 Union Alley,Memphis,Tennessee,3531990829040298,806,jcb
347,Verla,Leglise,33 Cardinal Parkway,Durham,North Carolina,3577375942409361,864,jcb
348,Bastian,Winskill,59119 Petterle Junction,Syracuse,New York,,,
349,Meggy,Tryhorn,4 Bultman Place,Santa Rosa,California,5002355641462812,798,mastercard
350,Gloria,Palia,89 Continental Court,Richmond,Virginia,4041596551849615,217,visa
351,Orin,Abercromby,0054 Homewood Drive,Atlanta,Georgia,,,
352,Lowe,Primo,2 Nancy Road,Oklahoma City,Oklahoma,3544994783451900,221,jcb
353,Blanch,Coleby,6 Badeau Way,South Bend,Indiana,201906020917345,648,diners-club-enroute
354,Myrtle,Wallen,3 Eastlawn Park,Fort Lauderdale,Florida,,,
355,Helenka,Cranston,9788 Delladonna Terrace,Fort Pierce,Florida,490353056405132075,676,switch
356,Dasya,Wybourne,45226 Lotheville Plaza,Philadelphia,Pennsylvania,,,
357,Vern,Andrzej,24 Esch Road,Tacoma,Washington,4917034099148259,795,visa-electron
358,Abra,Clowney,693 Norway Maple Road,Sioux City,Iowa,30087257136755,124,diners-club-carte-blanche
359,Benjie,Blueman,870 Monterey Park,Pittsburgh,Pennsylvania,06046852750144435,798,maestro
360,Beryle,Ducarel,4 Cascade Road,Green Bay,Wisconsin,337941226655974,571,americanexpress
361,Cloris,Mouget,7 Trailsway Way,Conroe,Texas,,,
362,Edvard,Lodeke,7 Towne Crossing,El Paso,Texas,3569586174586995,838,jcb
363,Lynett,Huge,16851 Upham Pass,Minneapolis,Minnesota,589389363914423509,468,maestro
364,Tildi,Melladew,7 Heath Street,Jefferson City,Missouri,5602252052045604,676,bankcard
365,Layla,Valentine,760 Schmedeman Lane,Indianapolis,Indiana,5100171299570074,579,mastercard
366,Cora,Mulholland,15 Nelson Street,Riverside,California,4917760978117151,352,visa-electron
367,Sawyer,Champneys,75425 Westend Street,Amarillo,Texas,,,
368,Martynne,Geistmann,8 Pankratz Parkway,Lancaster,Pennsylvania,,,
369,Torie,Giraudo,8 Merchant Road,Houston,Texas,201872946681656,718,diners-club-enroute
370,Ariel,Ivancevic,5713 Prentice Road,Brooklyn,New York,3575692080004719,509,jcb
371,Brandie,Ledekker,6 Warner Park,Austin,Texas,5002353204957823,154,mastercard
372,Guinevere,Swafield,14 Old Gate Crossing,Wichita,Kansas,3530710980920265,617,jcb
373,Maris,Dearlove,645 Westerfield Junction,Stockton,California,3559643179696204,798,jcb
374,Vivia,Diwell,5756 Arapahoe Street,El Paso,Texas,3549344966319604,489,jcb
375,Karie,Seaborn,1464 Oriole Plaza,Roanoke,Virginia,,,
376,Cele,Tootin,88 Maryland Parkway,San Antonio,Texas,201887583528291,965,diners-club-enroute
377,Lewie,Pieters,290 Main Road,Albuquerque,New Mexico,3557726932531206,542,jcb
378,Adan,Whetnall,55 Ridgeway Center,Virginia Beach,Virginia,5454812506639739,526,diners-club-us-ca
379,Emmie,Hully,17027 International Place,Erie,Pennsylvania,3586595973353001,631,jcb
380,Armstrong,Szubert,1264 Sage Circle,Spokane,Washington,56022159132878190,208,china-unionpay
381,Allys,Tabourel,12220 Loftsgordon Place,Shawnee Mission,Kansas,4917780816323498,218,visa-electron
382,Fulvia,Goodall,49289 Canary Crossing,Bridgeport,Connecticut,6761893231750954168,179,maestro
383,Lazare,Squelch,44 Quincy Way,Anderson,South Carolina,3549869618433700,372,jcb
384,Arnoldo,Brilleman,5 Green Ridge Parkway,Houston,Texas,5100147735238450,592,mastercard
385,Benny,Melia,3230 Scott Point,Dallas,Texas,,,
386,Annissa,Colquit,61954 Twin Pines Circle,South Lake Tahoe,California,,,
387,Dela,Littleton,64 Rigney Terrace,Milwaukee,Wisconsin,3563867734331916,922,jcb
388,Dorthea,Ransley,139 Swallow Trail,Mobile,Alabama,374622485172190,429,americanexpress
389,Ag,McIlriach,7 Hansons Junction,Winston Salem,North Carolina,677166607643567578,342,laser
390,Rosemarie,Landman,907 Huxley Center,San Francisco,California,4026941518451734,277,visa-electron
391,Amargo,McKinnell,57730 Lukken Street,Springfield,Illinois,374622393775019,255,americanexpress
392,Kane,Bickell,34210 Village Crossing,Pocatello,Idaho,3575430614115655,442,jcb
393,Baron,Prantl,9 Merchant Street,Pensacola,Florida,3533200306922069,152,jcb
394,Neron,Snalham,04599 Little Fleur Drive,Salem,Oregon,4917947784939502,360,visa-electron
395,Kevina,Castro,1 Eagle Crest Hill,Baltimore,Maryland,,,
396,Reinhard,Swiggs,3311 Jana Circle,Minneapolis,Minnesota,372301029970581,758,americanexpress
397,Barbaraanne,Passy,035 Logan Circle,Kansas City,Missouri,,,
398,Renato,Goracci,19520 Glacier Hill Plaza,Austin,Texas,3546702657725848,905,jcb
399,Gloriana,Langridge,2 Wayridge Parkway,Washington,District of Columbia,5602239343966979,791,bankcard
400,Genevieve,Bardwell,21 Cambridge Trail,Santa Monica,California,5108750608583381,710,mastercard
401,Karisa,Cayton,95 Caliangt Terrace,Cincinnati,Ohio,4844256724675822,930,visa-electron
402,Taddeusz,Giraldez,8 Leroy Road,Melbourne,Florida,,,
403,Meryl,Fydo,8 Bay Road,Miami,Florida,,,
404,Laryssa,Fearney,1029 Autumn Leaf Trail,Buffalo,New York,6331106296865118,427,switch
405,Garrot,Jirak,8 Westend Drive,Reston,Virginia,374622969498533,279,americanexpress
406,Nonah,Brandenberg,3 Delaware Court,Indianapolis,Indiana,4844285488442707,626,visa-electron
407,Kit,Boyda,1424 Londonderry Avenue,Albany,New York,,,
408,Brinna,Kivlin,5038 Stoughton Point,Salt Lake City,Utah,374288139853724,884,americanexpress
409,Clara,Berre,69085 Oak Hill,Santa Ana,California,,,
410,Jo-ann,Demange,3232 Blackbird Lane,New Orleans,Louisiana,4026480073645166,174,visa-electron
411,Tobie,Mardy,31 Forster Lane,Atlanta,Georgia,,,
412,Dehlia,Dhenin,330 Weeping Birch Point,Seattle,Washington,,,
413,Stevena,Dmitriev,970 Namekagon Drive,Fort Pierce,Florida,,,
414,Elfie,McDermott-Row,8 Meadow Valley Plaza,Saint Louis,Missouri,5610764334803089,823,bankcard
415,Mandie,Hlavac,71 Troy Crossing,Des Moines,Iowa,,,
416,Dino,Scollan,40 Glacier Hill Avenue,Chicago,Illinois,3528132355863919,931,jcb
417,Gayleen,Hartill,0805 Valley Edge Trail,New York City,New York,5602236738631259,741,bankcard
418,Katerine,Laffin,080 Fieldstone Terrace,Mobile,Alabama,,,
419,Will,Hazeley,61661 Lien Court,Longview,Texas,5602249861900136,977,bankcard
420,Dorolice,Fishe,1366 Erie Terrace,Phoenix,Arizona,3571601354900365,709,jcb
421,Denni,Lea,5 Division Road,Duluth,Georgia,5185145862533337,823,mastercard
422,Glennis,Jones,162 2nd Court,Tulsa,Oklahoma,5100145734915375,162,mastercard
423,Zachariah,Hovie,623 Sage Terrace,Minneapolis,Minnesota,50185769163757802,642,maestro
424,Bastien,Flippen,56978 Forest Hill,Tampa,Florida,5010122957152571,545,mastercard
425,Sherlocke,Caffery,579 Sauthoff Lane,Carson City,Nevada,5100145699302734,580,mastercard
426,Rycca,Scranny,092 Talisman Way,New York City,New York,,,
427,Dru,Sillitoe,4 Hansons Crossing,Charlotte,North Carolina,374283121484570,990,americanexpress
428,Ode,Haversham,119 Longview Parkway,Northridge,California,6762668466607719,560,maestro
429,Weider,Jerzyk,4 Summerview Point,Fort Worth,Texas,4041599905737262,489,visa
430,Charita,Kamiyama,65 Golf Pass,Midland,Texas,,,
431,Shelia,Josephson,34 Scott Terrace,Buffalo,New York,374288160815030,412,americanexpress
432,Wilburt,Foottit,495 Basil Street,Longview,Texas,3544882389294909,926,jcb
433,Emelita,Popov,2161 Novick Court,Virginia Beach,Virginia,3541182423511993,723,jcb
434,Giovanni,Riolfo,3 Kinsman Terrace,Danbury,Connecticut,6334608708361039,927,solo
435,Dennis,McIlmorow,00887 Kingsford Terrace,Nashville,Tennessee,3542356560026853,242,jcb
436,Darwin,Daines,584 Briar Crest Plaza,Portland,Maine,3565527895609405,648,jcb
437,Matthiew,O' Dooley,7 Algoma Parkway,Springfield,Missouri,3569539704725393,483,jcb
438,Vonny,Trever,876 Nova Alley,Maple Plain,Minnesota,3568238095862334,169,jcb
439,Natividad,Morfell,530 Crownhardt Junction,Glendale,California,56022493432082769,581,china-unionpay
440,Shaina,Cockayne,1868 Darwin Plaza,Wilkes Barre,Pennsylvania,,,
441,Pammie,Darlison,2 Dorton Pass,Port Charlotte,Florida,5018578915097339350,937,maestro
442,Jarred,Henriques,8070 Utah Plaza,Jackson,Mississippi,3529635799108344,769,jcb
443,Chas,Stonier,363 Sunfield Center,Biloxi,Mississippi,,,
444,Becca,Mabb,7414 Anhalt Drive,Vero Beach,Florida,5108751741561318,453,mastercard
445,Querida,MacCome,39 Forest Dale Court,Atlanta,Georgia,6759738099976198,811,switch
446,Kirstin,Polye,9648 Elgar Plaza,Dallas,Texas,3561225570691939,232,jcb
447,Sargent,Youll,3995 Heath Junction,Houston,Texas,,,
448,Aveline,Neubigging,8 Knutson Circle,Jacksonville,Florida,,,
449,Prinz,Charrett,987 Green Ridge Point,Washington,District of Columbia,5602239820080084413,546,china-unionpay
450,Winny,Louche,66801 Eagan Circle,El Paso,Texas,3578708172133328,827,jcb
451,Loreen,Kissock,17668 Holy Cross Alley,Denver,Colorado,,,
452,Barrie,Tippings,24266 Rusk Hill,Roanoke,Virginia,3567086066514785,471,jcb
453,Alta,De Cristoforo,6 American Avenue,Rochester,New York,4026240115558870,411,visa-electron
454,Mahalia,Beaver,2 Columbus Pass,Seattle,Washington,3544463969924932,843,jcb
455,Liva,Curston,2 Vermont Avenue,Tampa,Florida,3544015329487545,736,jcb
456,Burlie,Lutsch,21 Jenifer Hill,Winston Salem,North Carolina,3549179341063562,998,jcb
457,Bucky,Marzele,758 Luster Alley,Cincinnati,Ohio,3582280073039743,445,jcb
458,Pryce,Gierok,9482 Oak Valley Point,Detroit,Michigan,3580793260223872,549,jcb
459,Edyth,Phonix,41715 Gerald Terrace,Saint Cloud,Minnesota,,,
460,Wanda,Giacomazzo,037 Vernon Parkway,Shreveport,Louisiana,,,
461,Marietta,Palatini,1 Hoffman Terrace,Washington,District of Columbia,,,
462,Pancho,Fisby,13154 West Park,Jacksonville,Florida,30294692464947,245,diners-club-carte-blanche
463,Beulah,Parkhouse,490 Wayridge Way,Youngstown,Ohio,30024516274077,977,diners-club-carte-blanche
464,Obie,Coggan,9 Glacier Hill Terrace,Tucson,Arizona,3578962644002575,792,jcb
465,Salvidor,Miettinen,2145 Hayes Crossing,Atlanta,Georgia,,,
466,Freddie,Quested,8 Debs Drive,Spring,Texas,5571744334290666,423,mastercard
467,Katha,Rilings,26 4th Alley,Portland,Maine,,,
468,Renato,Krinks,05780 Eagle Crest Plaza,Las Vegas,Nevada,3532062018204934,505,jcb
469,Beitris,Stut,4 Randy Street,Beaufort,South Carolina,,,
470,Laurens,Stivey,05 Waxwing Point,San Bernardino,California,3542929775114753,585,jcb
471,Iggy,Woodsford,48709 Del Sol Junction,Philadelphia,Pennsylvania,,,
472,Darryl,Mulkerrins,1506 Westerfield Hill,Minneapolis,Minnesota,3560907464932914,617,jcb
473,Yettie,Obal,8091 Muir Point,Danbury,Connecticut,3568121660400922,399,jcb
474,Donal,Tofano,8 Eggendart Pass,Lexington,Kentucky,30186078281004,180,diners-club-carte-blanche
475,Starlene,Tash,0670 Kipling Junction,High Point,North Carolina,,,
476,Chuck,Punter,60626 Brentwood Crossing,Flint,Michigan,3565284463506932,777,jcb
477,Rance,Kirwood,40204 Bunting Lane,Bronx,New York,,,
478,Myrtice,Schorah,8 Stuart Place,Hartford,Connecticut,677199491856464380,880,laser
479,Marylynne,Copcutt,5724 Carioca Drive,Washington,District of Columbia,3528099074193151,338,jcb
480,Daisi,Badby,1 Annamark Road,Stockton,California,,,
481,Gertruda,Jori,44764 Homewood Terrace,Anaheim,California,3579222917164043,553,jcb
482,Julienne,Orneles,58333 Bartillon Avenue,Jackson,Mississippi,,,
483,Leigh,Schustl,69 Boyd Court,Richmond,Virginia,3546836805852862,246,jcb
484,Hatti,Bittlestone,047 Farwell Terrace,San Mateo,California,201632474565972,772,diners-club-enroute
485,Vanny,Owbrick,4 Cottonwood Drive,Irvine,California,4913537870591178,729,visa-electron
486,Alicea,Whytock,711 Lakewood Court,Fairfield,Connecticut,501859626412781685,742,maestro
487,Nicola,Calway,99 Bay Park,Sacramento,California,5602229769411659,708,bankcard
488,Skye,Garlicke,0 Corry Terrace,Huntington,West Virginia,3564278942136080,229,jcb
489,Vickie,Sjollema,37 Mcbride Center,Dallas,Texas,3567353284597996,556,jcb
490,Billye,Bramsom,2 Judy Pass,Shreveport,Louisiana,3585414511574329,141,jcb
491,Carmella,Dmisek,8933 Montana Trail,Baltimore,Maryland,3540680924222672,822,jcb
492,Gigi,Witchalls,768 Eagan Alley,Woburn,Massachusetts,67624906896558841,775,maestro
493,Aurie,Trimby,94319 Calypso Street,Cleveland,Ohio,3579604612854137,341,jcb
494,Evvy,Reiglar,82851 Stuart Trail,Boston,Massachusetts,,,
495,Antonius,Stiven,1708 Coleman Lane,Cleveland,Ohio,,,
496,Pavla,Paddington,44 Melvin Junction,Fort Wayne,Indiana,,,
497,Wilmer,Guillard,1558 Prentice Pass,Saint Petersburg,Florida,3532709551180281,880,jcb
498,Marigold,Persent,6178 Hudson Parkway,South Bend,Indiana,,,
499,Stanwood,d'Arcy,166 Northview Circle,Waterbury,Connecticut,5602234457164339,796,china-unionpay
500,Imogen,Allsupp,6546 Macpherson Trail,Sterling,Virginia,56022523390009550,377,china-unionpay
501,Aeriell,Abbatt,964 Goodland Terrace,Saint Paul,Minnesota,560222715410534836,721,china-unionpay
502,Clio,Restorick,67996 Commercial Hill,Jacksonville,Florida,4026703222513518,599,visa-electron
503,Juliette,McClifferty,61 Sullivan Pass,Springfield,Missouri,4508620160638734,519,visa-electron
504,Marshall,Truder,267 Clyde Gallagher Terrace,Jamaica,New York,,,
505,Brenda,Stoggles,83072 Johnson Street,Louisville,Kentucky,3566954077551644,405,jcb
506,Orlan,Flanne,15792 Schiller Lane,Washington,District of Columbia,5427278780708422,474,mastercard
507,Paulita,Foxworthy,95 Schmedeman Terrace,Daytona Beach,Florida,,,
508,Jenifer,Petre,3 Nevada Circle,Dayton,Ohio,5255357993531339,978,mastercard
509,Arthur,Crosfield,6 Dorton Pass,Trenton,New Jersey,3583113252280037,533,jcb
510,Mariele,Ahren,71 Holy Cross Terrace,Fresno,California,,,
511,Malanie,Rowswell,90 Michigan Junction,Shreveport,Louisiana,3532855866142910,268,jcb
512,Prue,Airey,66 Mcguire Way,Jefferson City,Missouri,,,
513,Noelani,Jankowski,32 Roxbury Point,Washington,District of Columbia,3583342263657129,560,jcb
514,Viva,Belk,75 Springview Point,San Diego,California,3538431591592870,337,jcb
515,Abey,Charles,32764 Melody Parkway,Irvine,California,,,
516,Shermie,Strathman,82614 Springs Alley,Glendale,California,,,
517,Lorelei,Guirardin,7703 Blackbird Pass,Birmingham,Alabama,676226574722250999,639,maestro
518,Chuck,Ivachyov,360 Lake View Park,Augusta,Georgia,3580013445066090,322,jcb
519,Tiphani,Winham,0019 Brentwood Trail,San Diego,California,3563074203826670,781,jcb
520,Cheryl,Giacubbo,6487 Huxley Pass,Akron,Ohio,,,
521,Katine,Fearnehough,75256 Transport Way,Portland,Oregon,3537279954528697,123,jcb
522,Jemmie,Perfitt,596 Valley Edge Terrace,Salt Lake City,Utah,36384209486980,798,diners-club-international
523,Stevy,Lassey,350 Acker Alley,Springfield,Missouri,4936361835018794,300,switch
524,Rupert,Dinsell,62107 Dwight Junction,Inglewood,California,,,
525,Yelena,Fugere,0 Bunker Hill Parkway,Duluth,Minnesota,3531815023620332,118,jcb
526,Aloise,Haddy,18521 Reinke Pass,Louisville,Kentucky,3566946461772943,564,jcb
527,Retha,Bartoszewicz,2 Mallard Plaza,Dallas,Texas,633110953673584798,446,switch
528,Kit,Chamberlen,79201 Linden Pass,Des Moines,Iowa,4026520784416009,131,visa-electron
529,Risa,Ollerton,040 Park Meadow Alley,Sunnyvale,California,4913693218932143,601,visa-electron
530,Eula,Roseburgh,46 Shopko Court,New Haven,Connecticut,6759902639851002,940,maestro
531,Dulci,Ivankovic,94213 Texas Hill,Houston,Texas,,,
532,Yale,Blaisdell,62758 3rd Place,Arlington,Texas,,,
533,Garek,Syder,25 Declaration Way,Pinellas Park,Florida,490553314416441706,400,switch
534,Astrix,Cavolini,9443 Kennedy Lane,Sacramento,California,3528724867370324,959,jcb
535,Nigel,Cutchee,0330 Gateway Place,Orlando,Florida,,,
536,Lisha,Masic,0695 Moulton Trail,South Lake Tahoe,California,5100171567069064,254,mastercard
537,Law,Magister,4 Anniversary Place,Stockton,California,5100135666201639,694,mastercard
538,Kitty,Kivlehan,36 Jenifer Lane,Colorado Springs,Colorado,56022416485279685,877,china-unionpay
539,Gayleen,Berndtsson,1813 Dennis Pass,Valdosta,Georgia,5018978375052149490,196,maestro
540,Denyse,Imlacke,9 Hollow Ridge Pass,Dallas,Texas,30519412642236,769,diners-club-carte-blanche
541,Cordi,Alker,044 Kingsford Drive,Chandler,Arizona,4508045841547353,589,visa-electron
542,Gratia,Ruberry,3 Dovetail Circle,Tampa,Florida,6771249341000273713,470,laser
543,Marilee,Jordan,3 Carberry Park,Levittown,Pennsylvania,5007669690796564,358,mastercard
544,Franciskus,Masey,1 Farmco Alley,Honolulu,Hawaii,,,
545,Griswold,MacGorrie,3 Milwaukee Circle,El Paso,Texas,4911507036358467773,271,switch
546,Reeva,Worboys,69600 Swallow Center,San Diego,California,3562661170307402,909,jcb
547,Duncan,Lorking,79039 Pankratz Way,Kansas City,Missouri,3574820228730298,419,jcb
548,Livvy,Spraggon,92379 Scofield Trail,Columbus,Mississippi,5010125600932810,165,mastercard
549,Lydon,Kampshell,7 Fieldstone Parkway,Tulsa,Oklahoma,,,
550,Odele,Dann,5 Glacier Hill Crossing,Longview,Texas,5108753262437324,528,mastercard
551,Paulie,Springall,2 Old Shore Alley,Pensacola,Florida,,,
552,Fanya,Ganford,06 Ruskin Lane,Mesquite,Texas,5048375069340684,209,mastercard
553,Moshe,Bollands,92 Hudson Park,Roanoke,Virginia,,,
554,Maryrose,Blucher,39234 Sutherland Center,Anaheim,California,,,
555,Magdalena,Dymock,587 Eliot Lane,Dallas,Texas,3562764409402455,178,jcb
556,Patricia,Overstall,4970 Butternut Plaza,Denver,Colorado,3568426967223046,369,jcb
557,Patton,Huddle,26417 Onsgard Parkway,Burbank,California,,,
558,Bil,Pepall,9 Brown Terrace,Sacramento,California,,,
559,Robb,Chess,340 Fallview Plaza,Tulsa,Oklahoma,,,
560,Fionnula,Dabinett,044 Thierer Street,Orlando,Florida,337941254831372,916,americanexpress
561,Kane,Measen,31 Novick Street,Columbus,Georgia,6761613141735197,782,maestro
562,Ara,Stacey,959 Roxbury Avenue,San Francisco,California,3533896058257206,216,jcb
563,Jose,Spon,8 Kedzie Place,Louisville,Kentucky,3589378577089504,803,jcb
564,Ced,Gooda,904 Gulseth Street,Washington,District of Columbia,,,
565,Abe,Angerstein,29 Scoville Terrace,Brooksville,Florida,,,
566,Harriot,Brahmer,047 Carey Parkway,Hartford,Connecticut,4913724748148130,157,visa-electron
567,Sheila,Bulluck,373 Maple Way,Chicago,Illinois,3538234142631712,930,jcb
568,Roddy,Spinige,3 Eliot Place,Albany,New York,560224389453247504,762,china-unionpay
569,Ricki,Slight,6 Mallard Road,Fresno,California,,,
570,Stephine,Griffith,46236 Browning Pass,Saint Paul,Minnesota,5610201458532558,765,bankcard
571,Whitman,Killingbeck,80652 Hoffman Street,Springfield,Illinois,3554762433349437,684,jcb
572,Erminie,Franscioni,0955 Moland Circle,El Paso,Texas,3536682810016651,363,jcb
573,Aube,Milksop,6 Comanche Point,Charlottesville,Virginia,,,
574,Audra,Sully,94 Mayer Road,Schenectady,New York,676702834615270279,134,solo
575,Ulrika,Corstan,448 Maywood Crossing,Grand Rapids,Michigan,,,
576,Moreen,Chatel,63934 Summit Street,Kansas City,Missouri,,,
577,Darin,Gantlett,94 Fulton Drive,Cleveland,Ohio,5424199511096403,582,mastercard
578,Dermot,Bracher,5671 Comanche Terrace,Nashville,Tennessee,372301621052986,925,americanexpress
579,Bobbe,Duffill,3 Waxwing Place,Des Moines,Iowa,36281494495330,932,diners-club-international
580,Dael,Claessens,27068 Shoshone Drive,Saint Louis,Missouri,4175003905676099,968,visa-electron
581,Wilt,Stones,22856 Jana Court,Greenville,South Carolina,30296571419645,485,diners-club-carte-blanche
582,Wilfrid,Lowcock,64941 7th Lane,Kalamazoo,Michigan,633401291445751850,292,solo
583,Denni,Layman,195 Summit Crossing,Tallahassee,Florida,,,
584,Aile,Paullin,5978 Jackson Lane,Temple,Texas,,,
585,Neysa,Fernely,211 Redwing Road,Des Moines,Iowa,3554516533313325,936,jcb
586,Bidget,Byart,89642 Westridge Place,Cumming,Georgia,3555732565344943,841,jcb
587,Galina,Rudland,8 Eagan Plaza,San Bernardino,California,,,
588,Lurline,Stears,8524 Nova Terrace,Fort Myers,Florida,,,
589,Ericka,Jovic,15236 Elka Court,Syracuse,New York,3563261215549891,437,jcb
590,Bertie,Churches,68 Ryan Avenue,Toledo,Ohio,6386187350851461,504,instapayment
591,Anthony,Dabnot,494 Hauk Junction,Stamford,Connecticut,0604166466649810,914,maestro
592,Abby,Beckensall,163 Columbus Point,Corona,California,5602211285586065,546,bankcard
593,Zolly,Lushey,591 Karstens Terrace,Fairfax,Virginia,,,
594,Addi,Cronin,852 David Plaza,Oklahoma City,Oklahoma,6386489742470780,565,instapayment
595,Frayda,Elldred,19 Crowley Pass,Portland,Oregon,3536397118855540,439,jcb
596,Matias,Howis,46 Huxley Parkway,Erie,Pennsylvania,201576078889736,254,diners-club-enroute
597,Dalt,Buffy,800 Homewood Junction,San Antonio,Texas,,,
598,Dolly,Bathersby,19197 Tennessee Pass,Des Moines,Iowa,30490033179679,903,diners-club-carte-blanche
599,Micaela,Thorald,1250 Nobel Junction,Las Vegas,Nevada,,,
600,Coralyn,Lelliott,065 West Plaza,Huntington,West Virginia,3552980023842338,577,jcb
601,Byram,Bonicelli,3165 Melody Street,Saint Louis,Missouri,4903712938983061,614,switch
602,Rolph,Haville,05 Sheridan Place,Corona,California,,,
603,Stefa,Bramble,0 Stephen Drive,Washington,District of Columbia,3540086200158624,822,jcb
604,Percy,Sharpley,9 Tennyson Court,Bronx,New York,3559844293611273,335,jcb
605,Pauly,Scales,55624 Clemons Parkway,Trenton,New Jersey,,,
606,Holt,Birkenshaw,9 Jana Hill,Columbia,South Carolina,3565272062348343,154,jcb
607,Beret,Matthias,45 Arapahoe Point,Riverside,California,,,
608,Salem,Stretton,73 Dakota Hill,Fort Pierce,Florida,3565598030528305,867,jcb
609,Andrej,Rawls,9 Glendale Crossing,Fort Worth,Texas,4508855651822195,822,visa-electron
610,Quinta,Pidwell,76 Spenser Alley,Houston,Texas,560223020494019880,773,china-unionpay
611,Damaris,Bredbury,86379 Dwight Parkway,Grand Rapids,Michigan,3586097709552873,311,jcb
612,Katey,Willbond,342 Muir Alley,Pittsburgh,Pennsylvania,,,
613,Brandon,Demkowicz,3314 Mifflin Lane,Lubbock,Texas,3543937109351883,660,jcb
614,Konstance,Rozea,62283 Melby Point,San Diego,California,3546690567396034,301,jcb
615,Gaelan,Roakes,58 Jenna Center,Springfield,Virginia,,,
616,Filippo,Pinnijar,14273 Express Avenue,Las Vegas,Nevada,3587186063300083,414,jcb
617,Jolie,Webb-Bowen,6464 Karstens Trail,Reno,Nevada,,,
618,Chrissie,Shakle,5 Fuller Park,New Castle,Pennsylvania,,,
619,Paulita,Melly,446 Katie Street,Memphis,Tennessee,,,
620,Franciska,Drayton,4545 Westport Court,Yakima,Washington,5100140401890647,312,mastercard
621,Milly,McGirr,167 Shopko Park,Gaithersburg,Maryland,,,
622,Ibrahim,Walley,53970 Morningstar Circle,San Antonio,Texas,5020151470409024945,927,maestro
623,Devora,Downing,638 Schlimgen Street,Evansville,Indiana,3565139134737573,129,jcb
624,Jennilee,Tolliday,1385 Westport Avenue,Mc Keesport,Pennsylvania,6334298069670119,487,solo
625,Tera,Simcock,0645 Melvin Trail,Frankfort,Kentucky,,,
626,Cozmo,Murtell,77 Everett Street,Boston,Massachusetts,3541696209243703,222,jcb
627,Reeta,Megroff,04941 Village Street,Amarillo,Texas,374622959946293,555,americanexpress
628,Aidan,Erdely,93 Kropf Junction,Boca Raton,Florida,,,
629,Nichole,Sailer,39 Pond Hill,Fresno,California,,,
630,Emanuel,Baigent,87 Union Pass,Atlanta,Georgia,6379365078162788,980,instapayment
631,Valaree,Perllman,303 Oak Valley Place,Houston,Texas,,,
632,Kasper,Maccrae,9818 Eliot Place,San Diego,California,30549973329089,151,diners-club-carte-blanche
633,Marga,Grocutt,22161 Clove Drive,Honolulu,Hawaii,201492975536000,326,diners-club-enroute
634,Auguste,Pole,2324 Melvin Circle,Indianapolis,Indiana,6762370356138901,410,maestro
635,Bay,Musker,05 Hooker Terrace,Oakland,California,201489552440960,713,diners-club-enroute
636,Timothy,Dukes,85 Barby Center,Lincoln,Nebraska,,,
637,Georgianne,Tomet,22348 Spaight Court,Rochester,New York,4911040749848533,549,switch
638,Morganica,Krzysztof,41215 Main Trail,Houston,Texas,,,
639,Pryce,Bazelle,347 Bay Road,Phoenix,Arizona,6759303647155675025,743,maestro
640,Cloe,Stapford,21278 Scoville Point,Corpus Christi,Texas,,,
641,Lynsey,Buckleigh,4 Commercial Hill,Lake Worth,Florida,3574133504112771,433,jcb
642,Zelig,Taunton.,7097 Carioca Junction,Saint Louis,Missouri,,,
643,Monah,Vial,6149 Macpherson Trail,Nashville,Tennessee,,,
644,Keary,Shepstone,7838 Summit Avenue,Baltimore,Maryland,201542864486376,739,diners-club-enroute
645,Judd,Lightbown,8 Lakewood Crossing,Arlington,Texas,3558534202912745,436,jcb
646,Rad,Whiterod,8 Butterfield Lane,Lynchburg,Virginia,,,
647,Patrizius,Wims,39 Lunder Plaza,El Paso,Texas,337941447060053,287,americanexpress
648,Katharina,Byart,20 Di Loreto Place,Daytona Beach,Florida,3543047519906282,838,jcb
649,Mikael,Bullick,042 Eliot Alley,Pensacola,Florida,3561043605032262,944,jcb
650,Wally,Weale,3503 Myrtle Drive,Long Beach,California,3587369433477597,376,jcb
651,Jerome,Crabtree,4197 Springs Hill,Schenectady,New York,,,
652,Curcio,Rupel,9 Fisk Plaza,Dallas,Texas,372301654968207,804,americanexpress
653,Rosella,Shard,3742 Brentwood Place,High Point,North Carolina,201998063969234,604,diners-club-enroute
654,Bibbie,Carefull,126 Bashford Pass,Minneapolis,Minnesota,3579011801748817,457,jcb
655,Maggy,Cornilleau,2973 Northfield Road,San Antonio,Texas,3528619318922741,378,jcb
656,Chanda,Wybron,482 North Terrace,Waco,Texas,3580456965899749,261,jcb
657,Madelin,Boxen,26 West Crossing,Irving,Texas,5602237792340641336,993,china-unionpay
658,Ardelle,Kamien,6106 Mallard Alley,Pompano Beach,Florida,,,
659,Ignacio,Torricina,70840 Golf Course Parkway,Washington,District of Columbia,3541290069765508,452,jcb
660,Teodora,Stiff,145 Merchant Point,Peoria,Arizona,,,
661,Glynnis,Tattershaw,3 Atwood Parkway,Baltimore,Maryland,,,
662,Harrietta,Will,5 Bartelt Circle,Saint Louis,Missouri,,,
663,Arlan,Enrdigo,49853 Sullivan Junction,Austin,Texas,3580397173538721,310,jcb
664,Bank,Stell,8 Straubel Court,Chicago,Illinois,201432671585364,908,diners-club-enroute
665,Willdon,Basten,15140 3rd Circle,Detroit,Michigan,,,
666,Hyman,Wasson,349 Bunting Pass,Lansing,Michigan,5610676584041725,623,bankcard
667,Cinderella,Liffe,68040 Tennyson Avenue,Evansville,Indiana,3536434163713702,972,jcb
668,Laetitia,Tailby,35008 Crest Line Alley,Salt Lake City,Utah,30275673900561,268,diners-club-carte-blanche
669,Codi,D'Enrico,2551 Park Meadow Park,Raleigh,North Carolina,,,
670,Viv,Buten,89641 Roth Crossing,Atlanta,Georgia,,,
671,Vernen,Wilce,29 Columbus Place,Pueblo,Colorado,,,
672,Edan,Manuaud,261 Schurz Lane,Oakland,California,6771749467825619650,768,laser
673,Gawain,Duplan,70 Dapin Street,Peoria,Illinois,201874535948116,794,diners-club-enroute
674,Gladi,Trainer,4784 Barnett Crossing,Memphis,Tennessee,,,
675,Staford,Falls,9 Acker Lane,Honolulu,Hawaii,502081984854663814,630,maestro
676,Jilli,Cassam,30936 Iowa Parkway,Evanston,Illinois,,,
677,Doria,Gilffilland,5389 Red Cloud Parkway,Tulsa,Oklahoma,6761302086717077,121,maestro
678,Romain,McGhee,82155 Badeau Street,Southfield,Michigan,,,
679,Gideon,Sousa,23103 Graedel Center,Schenectady,New York,,,
680,Lotty,Ginnety,0594 Shopko Point,Kansas City,Kansas,3577365102418765,657,jcb
681,Rosetta,D'Avaux,1 Pankratz Point,Fort Worth,Texas,3580663418807175,699,jcb
682,Laureen,Rickesies,1 Debs Plaza,El Paso,Texas,4405794105023825,517,visa-electron
683,Hersch,Kauscher,0687 Katie Circle,Phoenix,Arizona,4885340227013200,954,visa
684,Alanna,Oppie,17 Corry Junction,Myrtle Beach,South Carolina,,,
685,Pren,Galliver,30 Daystar Crossing,Houston,Texas,,,
686,Barb,Beecker,3 Morning Place,Portland,Oregon,201458112664872,332,diners-club-enroute
687,Matilda,Pert,1 Orin Place,Denton,Texas,,,
688,Allsun,Firmager,14084 Charing Cross Drive,Seattle,Washington,,,
689,Spence,Gregore,05591 Doe Crossing Alley,Wilmington,Delaware,0604833378328896,304,maestro
690,Vivyanne,Crawford,4200 Duke Point,New York City,New York,3528499288890396,979,jcb
691,Benson,McPhaden,88 Union Street,Chicago,Illinois,3586156724358342,785,jcb
692,Maison,Gordon,3980 Holmberg Plaza,Boston,Massachusetts,,,
693,Frederick,Mannix,5119 Old Shore Avenue,Sterling,Virginia,30197506067782,620,diners-club-carte-blanche
694,Wilmar,Durrant,7 Mockingbird Drive,Salem,Oregon,201538420054799,326,diners-club-enroute
695,Dun,Readwood,55985 Anderson Hill,Savannah,Georgia,5100146202626536,797,mastercard
696,Alejandro,Candey,5102 School Way,Columbia,South Carolina,,,
697,Loree,McIver,3 Schlimgen Parkway,Plano,Texas,3574246256468827,936,jcb
698,Base,Tessington,2401 Maple Plaza,Austin,Texas,3578954069683948,789,jcb
699,Kirby,Wudeland,15663 Fisk Terrace,Fresno,California,,,
700,Taffy,Rudeyeard,19 Dryden Circle,Milwaukee,Wisconsin,3557001044824547,296,jcb
701,Edi,Caunt,38 Mifflin Crossing,Reading,Pennsylvania,,,
702,Livvie,Maslin,01 Hoard Way,London,Kentucky,560221322537514592,814,china-unionpay
703,Grange,Van Der Hoog,038 Randy Crossing,Pittsburgh,Pennsylvania,5002354359397476,882,mastercard
704,Vale,Olorenshaw,4 Basil Center,Wichita,Kansas,3554504390628175,254,jcb
705,Coral,Welds,3 Leroy Circle,Burbank,California,3528598744690371,209,jcb
706,Elicia,Dickson,85 Mcguire Street,High Point,North Carolina,3533023510384532,103,jcb
707,Prentice,Anton,55232 Lakewood Crossing,Jersey City,New Jersey,4862650715245537,365,visa
708,Adelind,Treslove,84463 American Plaza,Los Angeles,California,,,
709,Brita,Powell,7828 Rigney Center,Providence,Rhode Island,,,
710,Shaw,Belz,5 Bluestem Hill,Clearwater,Florida,,,
711,Casper,Dubs,0 Acker Lane,Jefferson City,Missouri,,,
712,Charlene,Caras,5010 Sommers Court,Washington,District of Columbia,633110556892424546,631,switch
713,Fayre,Bouzek,64785 Rusk Road,Concord,California,,,
714,Jenelle,Allsopp,884 Charing Cross Court,Portland,Oregon,,,
715,Cornell,Bottrell,23140 South Court,Long Beach,California,,,
716,Drake,Alaway,870 Spohn Pass,Houston,Texas,,,
717,Rochella,Ivetts,479 Prairie Rose Park,Memphis,Tennessee,3539865042269100,706,jcb
718,Daune,MacKibbon,2 Schmedeman Circle,Chandler,Arizona,67066683230114541,712,laser
719,Conrade,Haldenby,28276 Truax Parkway,Atlanta,Georgia,3583643770392740,981,jcb
720,Vevay,Balharrie,10352 Dovetail Terrace,Reno,Nevada,,,
721,Patten,Dugue,5 Havey Circle,Laredo,Texas,5602216255526090,171,bankcard
722,Aguste,Giovannacci,883 Pine View Center,Albuquerque,New Mexico,3561293413065869,426,jcb
723,Elston,Hellyar,5032 Northwestern Center,Fort Wayne,Indiana,,,
724,Kenna,Vernalls,8452 Namekagon Junction,Des Moines,Iowa,3543806980213019,553,jcb
725,Stace,Skalls,80240 Ronald Regan Way,Atlanta,Georgia,,,
726,Elizabet,Flagg,43 Dahle Point,Brooklyn,New York,,,
727,Dulciana,Defau,07 Bunting Pass,Flushing,New York,,,
728,Tiphani,D'Aubney,1131 Stoughton Place,Levittown,Pennsylvania,5495231048208930,447,mastercard
729,Serena,Whiteford,26185 Maryland Pass,San Bernardino,California,5602220734424752,440,china-unionpay
730,Trace,Clingan,1 Del Sol Lane,Akron,Ohio,3577233600287118,876,jcb
731,Rhona,Blacklock,9 Dixon Pass,Fort Wayne,Indiana,4041593601891028,133,visa
732,Shem,Blasi,10 Truax Way,Mc Keesport,Pennsylvania,201880828086332,582,diners-club-enroute
733,Allistir,Tod,4 Fremont Pass,Portland,Oregon,,,
734,Hedy,Stripp,6 Arrowood Road,Oklahoma City,Oklahoma,630488747399211383,991,maestro
735,Jessey,Willerstone,00056 Ronald Regan Circle,Dayton,Ohio,67596869705986195,848,maestro
736,Gaelan,Goodbarne,2 Nevada Pass,Des Moines,Iowa,5610654735018983,206,bankcard
737,Sonni,Bulfit,13 Wayridge Place,Honolulu,Hawaii,3549189853014168,944,jcb
738,Hermon,Eliyahu,5 Mallory Park,Cincinnati,Ohio,3538429554573085,811,jcb
739,Erda,Garmon,01790 Bashford Circle,Johnson City,Tennessee,,,
740,Saundra,Clipston,88 Lakewood Gardens Pass,Boise,Idaho,,,
741,Pippy,Esson,8008 Nobel Street,Boise,Idaho,6334820267629074,955,solo
742,Christabel,Terron,21 East Lane,Pomona,California,,,
743,Cobb,Espinazo,4 Derek Junction,Orlando,Florida,30399598592707,429,diners-club-carte-blanche
744,Peta,Levington,4 Derek Point,Arlington,Virginia,3541506639882121,709,jcb
745,Roman,Linzee,58 Northland Way,Oklahoma City,Oklahoma,5602218507938248,302,bankcard
746,Norrie,Purdy,1893 Main Point,Texarkana,Texas,3558392662052100,139,jcb
747,Tisha,Castro,1528 Hovde Center,Sacramento,California,372301887393603,459,americanexpress
748,Shawn,Ingrem,5 Sutherland Avenue,Shawnee Mission,Kansas,5602238668637249976,427,china-unionpay
749,Abdel,O'Mara,8811 Oxford Place,Springfield,Missouri,3569006847185109,427,jcb
750,Jerry,Featherby,8 Summit Alley,San Francisco,California,3543237834200814,720,jcb
751,Jennette,Burberry,7919 American Avenue,Virginia Beach,Virginia,,,
752,Miquela,Huggons,6 Crescent Oaks Lane,Miami,Florida,3557788053757127,882,jcb
753,Magdalena,Kelling,893 Di Loreto Alley,Dayton,Ohio,5530638561307419,208,mastercard
754,Rhona,Swindley,114 Saint Paul Parkway,Fresno,California,,,
755,Stearne,Hamlin,734 Sutteridge Crossing,Columbus,Mississippi,3554397451293645,396,jcb
756,Crissy,Speak,25600 Ilene Point,Lexington,Kentucky,,,
757,Rosalyn,Winchester,598 Oakridge Terrace,Los Angeles,California,,,
758,Trumann,Carrabot,38951 Kenwood Hill,New Orleans,Louisiana,3564006736958033,503,jcb
759,Sydney,Roth,0 Northview Lane,Springfield,Virginia,,,
760,Laurel,Drawmer,70 Del Mar Hill,Miami,Florida,3545202260595853,768,jcb
761,Nanete,Shewon,6 Golden Leaf Center,Orlando,Florida,3577840965197094,705,jcb
762,Linus,Arntzen,2 Pennsylvania Parkway,Redwood City,California,3540164577109809,779,jcb
763,Lexis,Farren,223 Lillian Lane,San Jose,California,676780103401344978,489,solo
764,Hephzibah,Barajaz,2751 Surrey Hill,Garden Grove,California,,,
765,Ina,Crome,892 Hollow Ridge Circle,San Luis Obispo,California,,,
766,Cissy,Leavesley,4 Eggendart Avenue,Jamaica,New York,30247126290593,850,diners-club-carte-blanche
767,Fenelia,Walch,03502 Kennedy Drive,New York City,New York,3563747076702603,547,jcb
768,Monica,Cobbald,5664 Express Plaza,Baton Rouge,Louisiana,,,
769,Celisse,Cumo,84 Oriole Crossing,Columbia,South Carolina,3579197202259858,340,jcb
770,Welsh,Sabey,70 Forest Dale Trail,Palmdale,California,4913996992323540,498,visa-electron
771,Crysta,Nevill,50387 Gerald Road,Spokane,Washington,,,
772,Ricki,Lowdiane,0780 Bartillon Street,Lawrenceville,Georgia,5108758594296777,701,mastercard
773,Collie,Carress,8 Lillian Center,Alhambra,California,,,
774,Astrid,Kington,1740 Union Parkway,Bethlehem,Pennsylvania,3560689362560100,484,jcb
775,Lucita,Wimpey,4 Cody Way,Ogden,Utah,201793730396857,734,diners-club-enroute
776,Perry,Tattersill,90255 Manitowish Plaza,Virginia Beach,Virginia,5602254600376929,903,bankcard
777,Vidovic,Izaks,9279 Menomonie Hill,Canton,Ohio,30564546716845,448,diners-club-carte-blanche
778,Clive,Orteaux,177 Melby Parkway,New York City,New York,374288672877247,509,americanexpress
779,Tiena,Pimlott,5188 Lakewood Crossing,Northridge,California,,,
780,Dell,Paynter,64638 Welch Alley,Saint Louis,Missouri,,,
781,Lilli,McKane,517 Meadow Valley Way,Dallas,Texas,,,
782,Torey,Kabsch,8 Hagan Park,Oklahoma City,Oklahoma,3533028077165620,386,jcb
783,Maureen,Mozzi,99249 Grim Terrace,Roanoke,Virginia,,,
784,Stepha,Pennick,8 Namekagon Road,Wichita Falls,Texas,6759924112909739303,641,switch
785,Dame,Cracknall,2852 Prairie Rose Lane,Lynchburg,Virginia,3563063062590428,139,jcb
786,Johann,Lantry,789 Northland Way,Garland,Texas,374283845947076,953,americanexpress
787,Inger,O'Heffernan,2322 Del Mar Place,Las Vegas,Nevada,337941394793656,578,americanexpress
788,Trixy,Le Breton De La Vieuville,12 Jay Place,Cincinnati,Ohio,5602250424640250,330,china-unionpay
789,Sibilla,Gather,0 Mcbride Junction,Midland,Texas,3554013686455962,944,jcb
790,Dorotea,Harvatt,79416 Division Drive,Little Rock,Arkansas,3573826171577744,437,jcb
791,Shani,Malecky,83 Donald Street,Washington,District of Columbia,3555212541446617,215,jcb
792,Grete,Patel,07290 Anthes Circle,El Paso,Texas,3567131397146764,411,jcb
793,Jed,Neenan,4939 Washington Center,Washington,District of Columbia,4026620367787758,725,visa-electron
794,Eldon,Sellstrom,757 Atwood Alley,Sioux Falls,South Dakota,3555493612730002,499,jcb
795,Dare,Sobieski,93941 Golf Plaza,Richmond,Virginia,374288426738521,848,americanexpress
796,Alis,Denisyuk,8211 Gerald Road,Sacramento,California,,,
797,Abigale,Rolph,3 Evergreen Plaza,Washington,District of Columbia,,,
798,Bryant,Pallaske,55 Hermina Junction,Tulsa,Oklahoma,560222526859147380,560,china-unionpay
799,Shea,Drivers,87583 Dawn Place,Philadelphia,Pennsylvania,3529324000892778,682,jcb
800,Kendrick,Atton,65 Nobel Circle,Springfield,Illinois,,,
801,Kirsten,Burchess,79 Barnett Lane,Amarillo,Texas,3574336506782042,264,jcb
802,Casie,Arling,22987 Bowman Drive,Saint Paul,Minnesota,06048319536334266,451,maestro
803,Brandais,Boxill,1990 Bluejay Point,Irving,Texas,3557275431819126,338,jcb
804,Sheeree,Maciak,5628 Canary Street,Silver Spring,Maryland,3554604190375595,514,jcb
805,Dareen,Stayt,542 Eggendart Junction,San Bernardino,California,6376685136813707,938,instapayment
806,Tadeo,Christofle,0 Reindahl Pass,Buffalo,New York,,,
807,Spike,Knock,74308 6th Plaza,Dallas,Texas,67617304174303784,622,maestro
808,Lenci,Hunnaball,94164 Vahlen Drive,Indianapolis,Indiana,,,
809,Mirabel,Jervoise,6115 Hagan Court,Omaha,Nebraska,6334482154760734987,823,solo
810,Nelly,Stoney,67071 Arrowood Place,Memphis,Tennessee,,,
811,Alex,Chazier,88224 Drewry Trail,Erie,Pennsylvania,,,
812,Donna,Harrowsmith,4 Sherman Street,Waterloo,Iowa,564182711397580074,407,switch
813,Meyer,Stagge,25310 Surrey Road,Santa Rosa,California,5108758102909093,783,mastercard
814,Charis,Paszak,8 Tennessee Crossing,Richmond,Virginia,,,
815,Melisandra,Keele,5 Swallow Avenue,Memphis,Tennessee,,,
816,Alf,Clausson,1 Garrison Road,Richmond,Virginia,,,
817,Reinold,Janic,63 Ridgeview Circle,Portland,Oregon,,,
818,Lanie,Velti,8995 Westport Street,Evansville,Indiana,4917946221036880,815,visa-electron
819,Berte,Yearn,557 Harper Road,Washington,District of Columbia,5602254359870296,648,bankcard
820,Darby,Fazackerley,55295 Doe Crossing Plaza,Pittsburgh,Pennsylvania,3537572593747318,950,jcb
821,Martie,Dunnet,2257 Dennis Center,Fresno,California,3554752150724979,272,jcb
822,Orion,Rowet,08 South Point,Las Vegas,Nevada,5610367810943971,940,bankcard
823,Linn,Becker,970 Mcbride Drive,Wilkes Barre,Pennsylvania,3531160488309877,318,jcb
824,Estrella,Quayle,66005 Lawn Crossing,Albany,New York,30290748654127,381,diners-club-carte-blanche
825,Nate,Brokenbrow,96 Dottie Terrace,White Plains,New York,4844493103048111,535,visa-electron
826,Mindy,Lathom,558 Macpherson Way,Richmond,Virginia,3529657727075288,364,jcb
827,Corey,Pesak,6002 Burning Wood Hill,Jacksonville,Florida,3531965792235323,670,jcb
828,Munroe,Gristwood,6620 Carioca Trail,Clearwater,Florida,,,
829,Babs,Maben,57184 Lillian Crossing,Birmingham,Alabama,201937827223553,338,diners-club-enroute
830,Dode,Craggs,4 Union Way,Alpharetta,Georgia,3540276786014875,695,jcb
831,Dianemarie,Leyninye,63 Mitchell Hill,Provo,Utah,3565090326819036,698,jcb
832,Nanine,Ziemke,9508 Harper Center,Orlando,Florida,,,
833,Roselin,Doll,49726 Brickson Park Place,Louisville,Kentucky,,,
834,Cheryl,Delacoste,6 Loeprich Street,Garden Grove,California,,,
835,Hardy,Lowey,9 Redwing Junction,Toledo,Ohio,374622238519960,767,americanexpress
836,Bethina,O'Scanlon,5789 Delladonna Center,Louisville,Kentucky,56104942962897989,804,china-unionpay
837,Yulma,Finnigan,10 Merry Crossing,Bronx,New York,,,
838,Gabe,Gaspard,7256 Dovetail Junction,Baltimore,Maryland,,,
839,Wilona,Hoffmann,3 Talisman Junction,Alhambra,California,3555286916692450,739,jcb
840,Karina,Bravington,93 Elka Alley,Salt Lake City,Utah,5602219918341261,189,bankcard
841,Ema,Hugo,63355 Oakridge Point,Augusta,Georgia,3564650338010451,827,jcb
842,Kata,Abramzon,5870 Lindbergh Road,Washington,District of Columbia,3552356046909638,282,jcb
843,Nada,Plaid,1058 Pine View Lane,Ogden,Utah,201432260697919,395,diners-club-enroute
844,Brittany,MacElane,451 Riverside Hill,Cincinnati,Ohio,,,
845,Symon,Breadon,86 Sherman Crossing,Nashville,Tennessee,,,
846,Sharline,Pordall,7179 Evergreen Alley,Clearwater,Florida,,,
847,Nerissa,Fessions,5 Westridge Parkway,Dallas,Texas,,,
848,Aurilia,D'Aulby,12143 Kensington Way,Migrate,Kentucky,3535894572132086,968,jcb
849,Britte,Zecchi,28513 Mariners Cove Way,Sacramento,California,3572106780801814,120,jcb
850,Normand,Loxton,0 Chive Parkway,Stockton,California,3541837775155026,503,jcb
851,Isadore,Drinkale,38 Northwestern Trail,Fairfield,Connecticut,,,
852,Chester,Applegate,804 Kedzie Terrace,Amarillo,Texas,3551773800347030,895,jcb
853,Erl,Guys,461 Fordem Place,Trenton,New Jersey,3539484613104124,805,jcb
854,Frederik,Greensides,159 Briar Crest Center,Los Angeles,California,5602223355829796975,462,china-unionpay
855,Rodney,Simson,155 Knutson Hill,Roanoke,Virginia,374283759418239,886,americanexpress
856,Brynne,Sudworth,86715 Golden Leaf Place,Raleigh,North Carolina,,,
857,Nero,Ladbury,61500 Old Shore Drive,Macon,Georgia,,,
858,Georgetta,Klesel,35831 Lyons Hill,Portland,Oregon,6382437098408338,293,instapayment
859,Pablo,Hardi,5656 Havey Place,Fort Lauderdale,Florida,3570874744510787,838,jcb
860,Janeen,Chazelle,3296 Cottonwood Pass,Fort Myers,Florida,3574553874927567,496,jcb
861,Amberly,Jackways,21760 Lakewood Court,Oklahoma City,Oklahoma,5100132124992081,973,mastercard
862,Roxy,Pfertner,153 Eastlawn Park,Roanoke,Virginia,,,
863,Miguel,Klimes,0148 Lien Way,Arlington,Virginia,58939922034428218,117,maestro
864,Delilah,Bartusek,400 Arapahoe Terrace,Valley Forge,Pennsylvania,,,
865,Theresina,Shopcott,5 Florence Crossing,Philadelphia,Pennsylvania,3579887078269490,562,jcb
866,Clayson,Dowdney,9241 Calypso Avenue,Monroe,Louisiana,3572978607971313,560,jcb
867,Katina,Gosby,7527 Warner Crossing,Memphis,Tennessee,,,
868,Lyssa,Minico,36150 Anthes Hill,Buffalo,New York,560222400148324418,507,china-unionpay
869,Melodie,Brewitt,2896 Crescent Oaks Park,Chula Vista,California,,,
870,Corenda,Rosenbloom,02570 Oneill Terrace,Little Rock,Arkansas,5610175179199022,660,bankcard
871,Jania,Maggs,051 Jackson Junction,Shreveport,Louisiana,3587031734482730,125,jcb
872,Honoria,Fortnam,46234 Mendota Road,Buffalo,New York,3556240426270496,417,jcb
873,Ann,Lemerle,3271 Oak Valley Pass,Cheyenne,Wyoming,30462545602449,263,diners-club-carte-blanche
874,Ethyl,Knuckles,4 Towne Trail,Cincinnati,Ohio,,,
875,Nannie,Prestidge,8 Sutteridge Court,New Orleans,Louisiana,,,
876,Chandra,Fagge,86808 Northfield Junction,New Orleans,Louisiana,6394093134560024,766,instapayment
877,Ellissa,Ixer,8 Russell Road,Birmingham,Alabama,,,
878,Willetta,Kryszkiecicz,58 Carey Avenue,New Orleans,Louisiana,201885008227630,402,diners-club-enroute
879,Kordula,Bartkowiak,9326 Cherokee Avenue,Gatesville,Texas,3580325380476799,870,jcb
880,Eleonore,Pattington,79 Caliangt Place,Bronx,New York,5602219405181548161,120,china-unionpay
881,Kirk,Aujean,91455 Maywood Crossing,Orlando,Florida,,,
882,Antonia,Ackermann,4 Farmco Point,Peoria,Illinois,3579107299622835,410,jcb
883,Wait,Yorke,21614 Victoria Point,Winston Salem,North Carolina,,,
884,Johannes,Sabatier,7613 Carioca Hill,Milwaukee,Wisconsin,,,
885,Elonore,Livesley,7085 Del Sol Avenue,High Point,North Carolina,,,
886,Horatius,Delgado,5 Stephen Crossing,Washington,District of Columbia,,,
887,Kimberley,Zannolli,1 Michigan Trail,Salt Lake City,Utah,5602214804804233,285,bankcard
888,Bonni,Wudeland,72 Troy Park,New Orleans,Louisiana,,,
889,Michaelina,Sides,74 Gina Park,Charleston,West Virginia,3580965676165158,465,jcb
890,Antonina,Crellin,74 Towne Trail,Washington,District of Columbia,3569900913233050,992,jcb
891,Alikee,Fines,01938 Burning Wood Avenue,Greensboro,North Carolina,5226700962556074,284,mastercard
892,Gaston,Salle,46 Coleman Parkway,Phoenix,Arizona,6334154371562348,306,solo
893,Dulcie,Vasyutichev,76 Mitchell Terrace,Kansas City,Missouri,3533172706062640,293,jcb
894,Nathanial,Otter,78399 Dorton Court,Saint Petersburg,Florida,3560887657049736,626,jcb
895,Ilysa,Francisco,90920 Sunfield Trail,North Las Vegas,Nevada,3588910246189520,233,jcb
896,Debby,Carlisle,46 Heath Street,Pensacola,Florida,30182429722960,496,diners-club-carte-blanche
897,Marquita,Jeanon,2105 Fordem Park,Garden Grove,California,4041376197500488,114,visa
898,Edd,Habercham,8907 3rd Parkway,Bronx,New York,30525594110322,118,diners-club-carte-blanche
899,Priscilla,Wigg,80 Scoville Way,Sacramento,California,3578148148754925,296,jcb
900,Dyna,Staker,20379 Claremont Park,Kalamazoo,Michigan,,,
901,Jonell,Gormally,3426 Paget Drive,South Bend,Indiana,5610190893980422199,730,china-unionpay
902,Harwell,Kleinerman,179 Hovde Way,Vancouver,Washington,,,
903,Jewelle,Bonaire,24426 Oak Valley Point,Columbus,Ohio,4175001638787019,522,visa-electron
904,Moses,Birdall,67747 Summit Pass,Austin,Texas,,,
905,Nicolis,Gorler,32531 Wayridge Place,Austin,Texas,,,
906,Tobi,Simmans,11558 Loftsgordon Place,Houston,Texas,5100170373677037,187,mastercard
907,Arne,Plett,1 Miller Park,Saint Paul,Minnesota,3531831473216034,523,jcb
908,Symon,O'Ferris,24383 Hudson Plaza,Omaha,Nebraska,56022541609858740,448,china-unionpay
909,Hadley,Reek,87 Kim Center,New York City,New York,3557190968129239,448,jcb
910,Zena,Whitear,03634 Jenna Place,Oakland,California,201690077692759,684,diners-club-enroute
911,Elna,Hartfleet,3 Superior Terrace,Jamaica,New York,3570617967942132,937,jcb
912,Kath,Webber,230 Marcy Avenue,Carlsbad,California,,,
913,Nicolai,Wincom,1 Commercial Way,Louisville,Kentucky,3566450311531906,686,jcb
914,Heda,Samart,765 Meadow Ridge Park,Montpelier,Vermont,6706660972651140,892,laser
915,Alice,Smout,66 Burrows Way,Round Rock,Texas,3562826140370166,158,jcb
916,Tobi,Dutton,2469 Hagan Way,Fort Worth,Texas,589388361606497808,316,maestro
917,Whitney,Aldrich,9 Meadow Valley Crossing,Tampa,Florida,4917287792772979,956,visa-electron
918,Ardys,Leaning,96 Twin Pines Center,Harrisburg,Pennsylvania,3558359263233637,606,jcb
919,Haily,Forsaith,0 Shelley Lane,Sioux City,Iowa,5180528732856886,986,mastercard
920,Darcee,Hurndall,027 Shelley Alley,Palatine,Illinois,30514375347808,577,diners-club-carte-blanche
921,Jeramey,Kneath,7 Lakeland Terrace,Portland,Oregon,,,
922,Elissa,Bytheway,44 Steensland Lane,Pasadena,California,63042195457185425,384,maestro
923,Sibley,Brockie,8584 Novick Center,Rockford,Illinois,3582333917750833,725,jcb
924,Fran,Loughton,722 Forest Dale Court,Madison,Wisconsin,,,
925,Shina,Cathee,12589 Debra Terrace,Lancaster,Pennsylvania,4026632112651627,665,visa-electron
926,Nickolas,Feldheim,3 Grover Street,Escondido,California,3528602885828095,128,jcb
927,Tripp,Corter,8 Schiller Drive,El Paso,Texas,3567700673227488,979,jcb
928,Lyndell,Cota,5264 Cambridge Way,Roanoke,Virginia,,,
929,Ozzie,Pfaffe,592 Eastwood Center,Woburn,Massachusetts,6762249037168120592,843,maestro
930,Steward,Dumbreck,8 Summit Park,Torrance,California,4936149447134582,978,switch
931,Dale,Khomin,5355 Burrows Pass,New York City,New York,3546460092785485,924,jcb
932,Malia,Klimp,4 Butterfield Way,Houston,Texas,3553971865220948,412,jcb
933,Tiffie,Wornum,174 Colorado Alley,Los Angeles,California,30066614487747,728,diners-club-carte-blanche
934,Algernon,Goldingay,384 Alpine Junction,Stockton,California,,,
935,Rozella,Kuscha,7 Tennyson Plaza,Chicago,Illinois,3539200320220106,417,jcb
936,Kippy,Momery,12 Hansons Drive,Valdosta,Georgia,3530278172892635,521,jcb
937,Timmy,Hallwood,6 Logan Place,Naples,Florida,3545669877607554,983,jcb
938,Hettie,Whyffen,1 Huxley Parkway,Albany,New York,,,
939,Hailee,Nadin,75958 Spaight Court,Stockton,California,6334880319873898,279,solo
940,Bernelle,Anselmi,3883 Dakota Court,Philadelphia,Pennsylvania,5265648333917438,801,mastercard
941,Carmencita,Hanmer,68 Upham Hill,Corpus Christi,Texas,201886413616029,649,diners-club-enroute
942,Alic,D'Costa,760 Morning Pass,New Orleans,Louisiana,30314591910467,854,diners-club-carte-blanche
943,Syman,Halmkin,825 Toban Lane,Milwaukee,Wisconsin,6376111068078334,956,instapayment
944,Miller,Smorthwaite,10 Huxley Alley,Fort Lauderdale,Florida,,,
945,Ronny,Quillinane,38 Harbort Point,Charleston,South Carolina,,,
946,Theo,Clymo,468 Schmedeman Lane,Baton Rouge,Louisiana,,,
947,Vanna,Boorer,83 Eastwood Crossing,Mobile,Alabama,,,
948,Paolo,Wellbelove,05 Blackbird Avenue,Philadelphia,Pennsylvania,5108756085066519,897,mastercard
949,Berte,Pankhurst.,9651 Charing Cross Plaza,Glendale,Arizona,30174492552556,804,diners-club-carte-blanche
950,Jermaine,Atto,1242 Glacier Hill Crossing,Dallas,Texas,,,
951,Bea,Ravenscraft,3888 Rowland Drive,Los Angeles,California,5602239661873682,722,bankcard
952,Amber,Gilbeart,59939 Reindahl Place,Rockford,Illinois,3544773875373564,730,jcb
953,Ximenez,Rosenbush,01 Troy Trail,Columbus,Ohio,337941754606928,189,americanexpress
954,Gwynne,Foreman,80403 Colorado Alley,Tacoma,Washington,,,
955,Sydney,Bosden,20365 Twin Pines Crossing,Delray Beach,Florida,50387051024560139,879,maestro
956,Deloris,Crommett,975 Mcbride Way,Albany,New York,,,
957,Lilyan,Seavers,3 Schiller Trail,Norfolk,Virginia,30419435532367,945,diners-club-carte-blanche
958,Gunilla,Novacek,6 Kim Road,Washington,District of Columbia,,,
959,Jolie,Buckthorp,40716 Moland Avenue,El Paso,Texas,3581424076834426,817,jcb
960,Jarvis,Templeton,11 Birchwood Pass,Colorado Springs,Colorado,676141361591034742,868,maestro
961,Deva,Coggin,0 Nevada Park,Amarillo,Texas,3585577076282619,837,jcb
962,Ernaline,Basnett,822 Loomis Avenue,Colorado Springs,Colorado,5602253796931836,276,bankcard
963,Zena,Smithies,08 Raven Hill,Toledo,Ohio,,,
964,Audre,Webb-Bowen,81840 5th Parkway,Spring,Texas,3561131374242558,112,jcb
965,Toby,Gowland,513 Erie Plaza,Columbus,Ohio,,,
966,Merissa,Livings,808 5th Plaza,San Diego,California,379767589421533,215,americanexpress
967,Conroy,Butters,3 Meadow Ridge Center,Kansas City,Missouri,4508056245971966,781,visa-electron
968,Lanie,Thorpe,4 Melby Junction,Tucson,Arizona,3556860144886065,915,jcb
969,Laurette,Simester,29 Cordelia Plaza,Milwaukee,Wisconsin,3537891047564834,336,jcb
970,Jesse,Heasley,7343 Heffernan Crossing,San Jose,California,3558481041931389,434,jcb
971,Hailee,Yitzhakof,84132 Sugar Avenue,Toledo,Ohio,,,
972,Noreen,Weekley,741 Anzinger Way,Wilkes Barre,Pennsylvania,5007665352232666,963,mastercard
973,Kennith,Kerbler,3 Fairview Terrace,Toledo,Ohio,374283360501399,757,americanexpress
974,Inesita,Turton,1 Shasta Avenue,Corpus Christi,Texas,5048377318192536,571,mastercard
975,Simone,Hendrich,62916 Dahle Parkway,Birmingham,Alabama,,,
976,Ricky,Grovier,52066 Oneill Plaza,Los Angeles,California,3558983570553716,278,jcb
977,Marcel,Heaney,2952 Dixon Center,Oklahoma City,Oklahoma,5486941237189896,517,diners-club-us-ca
978,Dare,Lathaye,6 Autumn Leaf Place,Madison,Wisconsin,633450201680289102,907,solo
979,Douglas,Brackenbury,40277 Sugar Plaza,Clearwater,Florida,,,
980,Miguel,Hoston,7 Kropf Junction,Cleveland,Ohio,3556147866186613,604,jcb
981,Candis,Bastick,3 Goodland Terrace,Oklahoma City,Oklahoma,,,
982,Lora,Brandli,0 School Parkway,Fort Worth,Texas,3541054581567549,264,jcb
983,Jennilee,Pozer,9477 Quincy Court,Louisville,Kentucky,,,
984,Amalita,Wetherby,80171 Algoma Way,Indianapolis,Indiana,3551017475429354,948,jcb
985,Claudius,Heathorn,1 Bonner Park,Lincoln,Nebraska,3562319810550507,477,jcb
986,Larina,Poppleton,03585 Graceland Parkway,Saint Louis,Missouri,,,
987,Perrine,Heindl,51328 Lindbergh Street,Iowa City,Iowa,3587461211842413,301,jcb
988,Syd,Laherty,3 Aberg Avenue,San Diego,California,,,
989,Sammy,Connar,501 Graedel Hill,Miami,Florida,4913633938411887,681,visa-electron
990,Liuka,Petriello,9696 Karstens Drive,Memphis,Tennessee,3582109791274656,396,jcb
991,Garland,Foote,1 Declaration Way,Sacramento,California,3551604530050992,340,jcb
992,Tim,Hendriksen,515 Crowley Park,Omaha,Nebraska,5602253729600557,378,bankcard
993,Jenica,Eriksson,733 Carberry Terrace,Lubbock,Texas,201518559898208,235,diners-club-enroute
994,Brina,Jeness,69052 Debra Avenue,Eugene,Oregon,3533544836797768,803,jcb
995,Sabra,Covelle,3 Bay Court,Philadelphia,Pennsylvania,,,
996,Hewie,Maskell,03 Shoshone Trail,Las Vegas,Nevada,3587638332464546,141,jcb
997,Lilllie,Gedney,0 Badeau Drive,Albuquerque,New Mexico,5100144913978403,307,mastercard
998,Gretel,Luetkemeyer,39982 Service Alley,Plano,Texas,5602233283308879518,896,china-unionpay
999,Davidde,Dahlen,3 Farmco Center,Fullerton,California,30437975659853,947,diners-club-carte-blanche
1000,Mitch,McGhee,75486 Lawn Place,Baltimore,Maryland,,,
